城市,名称,星级,评分,价格,销量,省/市/区,坐标,简介,是否免费,具体地址
上海,上海海昌海洋公园,4 A,0,,19406,上海·上海·浦东新区,"121.915647,30.917713",看珍稀海洋生物 | 玩超刺激娱乐项目,False,上海市浦东新区南汇城银飞路166号
上海,上海野生动物园,5 A,3.6,,6764,上海·上海·浦东新区,"121.728112,31.059636",全球动物聚集地 | 零距离和动物做朋友,False,上海市浦东新区南六公路178号
上海,东方绿舟,4 A,3.5,,5353,上海·上海·青浦区,"121.015977,31.107866",全国首屈一指的青少年校外教育营地,False,上海市青浦区沪青平公路6888号
上海,东方明珠,5 A,3.8,,3966,上海·上海·浦东新区,"121.50626,31.245369",感受云端漫步，品味老上海风情,False,上海市浦东新区世纪大道1号
上海,上海佛罗伦萨小镇,3A,0,,2682,上海·上海·浦东新区,"121.770767,31.202718",2015年1月开业，落户上海浦东，成为上海及周边江浙地区时尚爱好者的钟爱去处。上海佛罗伦萨小镇引进了超百家环球名品，包括,False,上海市浦东新区卓耀路58弄 （近地铁2号线远东大道站）
上海,上海科技馆,5 A,3.7,,2120,上海·上海·浦东新区,"121.54785,31.224219",魔都科普教育殿堂 | 周末遛娃圣地,False,上海市浦东新区世纪大道2000号(近二号线上海科技馆站)
上海,豫园,4 A,4.2,,2103,上海·上海·黄浦区,"121.498971,31.233463",“奇秀甲于东南”、“东南名园冠”。,False,上海市黄浦区福佑路168号
上海,上海动物园,4 A,3.6,,1718,上海·上海·长宁区,"121.369411,31.199264",大型城市动物园 | 620余种可爱动物,False,上海市长宁区虹桥路2381号
上海,东平国家森林公园,4 A,3.5,,836,上海·上海·崇明岛,"121.487554,31.689225",在这里，你只需要深呼吸,False,上海市崇明县北沿路2188号
上海,上海影视乐园,4 A,3.5,,830,上海·上海·松江区,"121.319396,31.016693",中国十大影视基地之一 | 重回民国上海滩,False,上海市松江区车墩镇北松公路4915号
上海,上海欢乐谷,4 A,3.6,,750,上海·上海·松江区,"121.22218,31.102491",玩得就是心跳 | 各种刺激好玩娱乐项目,False,上海市松江区佘山镇林湖路888号
上海,上海杜莎夫人蜡像馆,4 A,3.7,,718,上海·上海·黄浦区,"121.480215,31.240715",走自己的红毯，与世界明星相遇,False,上海市黄浦区南京西路2-68号新世界商厦10楼
上海,上海海洋水族馆,4 A,3.7,,676,上海·上海·浦东新区,"121.50818,31.246234",穿越世界，来一次终生难忘的海洋之旅,False,上海市浦东新区陆家嘴环路1388号（近东方明珠）
上海,金茂大厦88层观光厅,4 A,3.8,,332,上海·上海·浦东新区,"121.512094,31.240746",上海就在脚下,False,上海市浦东新区浦东世纪大道88号观光厅
上海,顾村公园,4 A,0,,322,上海·上海·宝山区,"121.384711,31.346641",岛国很远，顾村很近 | 郊游赏樱宝藏公园,False,上海市宝山区顾村镇沪太路4788号环岛路1号（近沪太路）
上海,共青森林公园,4 A,3.6,,264,上海·上海·杨浦区,"121.558078,31.326546",在这里尽情领略大自然的情趣,False,上海市杨浦区军工路2000号
上海,环球金融中心观光厅,4 A,3.6,,252,上海·上海·浦东新区,"121.513463,31.23965",来上海登三高，眺望魔都霓虹闪烁,False,上海市浦东新区世纪大道100号
上海,上海世纪公园,4 A,3.6,,232,上海·上海·浦东新区,"121.558497,31.221764",环境“很嗲”，空气“清新”,False,上海市浦东新区浦东锦绣路1001号
上海,上海海湾国家森林公园,4 A,0,,200,上海·上海·奉贤区,"121.692869,30.86719",魔都超大森林公园 | 户外玩乐清凉一夏,False,上海市奉贤区海湾镇随塘河路1677号
上海,上海大观园,4 A,3.5,,190,上海·上海·青浦区,"120.915048,31.080445",红楼遗梦，亭台楼阁，尽显恢弘宏伟,False,上海市青浦区金商公路701号上海大观园
上海,朱家角古镇,4 A,3.6,,122,上海·上海·青浦区,"121.061605,31.116917",素有“上海威尼斯”及“沪郊好莱坞”之誉,False,上海市青浦区朱家角镇美周路36号
上海,上海长风海洋世界,4 A,3.5,,116,上海·上海·普陀区,"121.403563,31.230472",和奥莉一起看魔鬼鱼啦,False,上海市普陀区大渡河路451号（长风公园4号门）
上海,古猗园,4 A,3.5,,108,上海·上海·嘉定区,"121.323438,31.298418",猗猗绿竹，幽静曲水，韵味隽永,False,上海市嘉定区南翔镇沪宜路218号
上海,锦江乐园,4 A,3.6,,102,上海·上海·闵行区,"121.417416,31.146669",上海乐园鼻祖 | 国内首座巨型摩天轮,False,上海市闵行区虹梅路201号
上海,中国航海博物馆,4 A,0,,98,上海·上海·浦东新区,"121.926115,30.903535",航海世界，你我同行,False,上海市浦东新区申港大道197号
上海,上海博物馆,4 A,3.8,,78,上海·上海·黄浦区,"121.482,31.2343",大型中国古代艺术博物馆，国内外享有盛誉,False,上海市黄浦区人民大道201号
云南,云南民族村,4 A,3.9,,2430,云南·昆明·西山区,"102.669319,24.971676",体验云南多个种族的文化沉淀,False,云南省昆明市西山区滇池路1310号
云南,景洪曼听公园,4 A,4.3,,1646,云南·西双版纳·景洪市,"100.814267,21.998503",古老的傣王御花园,False,云南省西双版纳傣族自治州景洪市曼听路35号
云南,中科院西双版纳热带植物园,5 A,4.2,,1366,云南·西双版纳·勐腊县,"101.260734,21.933968",四千余种来自世界各地的热带植物栖居于此,False,云南省西双版纳州勐腊县勐仑镇(近野象谷)
云南,野象谷,4 A,5,,1094,云南·西双版纳·景洪市,"100.865759,22.175621",与憨态可掬的大象漫步在热带雨林,False,云南省西双版纳傣族自治州景洪市勐养镇三岔河
云南,玉龙雪山,5 A,4.8,,974,云南·丽江·玉龙县,"100.270093,27.034011",壮美大雪山，十三座雪峰连绵不绝,False,云南省丽江市玉龙纳西族自治县
云南,西双版纳原始森林公园,4 A,4,,960,云南·西双版纳·景洪市,"100.881258,22.033038",独特的原始热带雨林自然风光融合民族风情,False,云南省西双版纳傣族自治州距景洪市8公里处213国道旁
云南,崇圣寺三塔,5 A,4.3,,646,云南·大理·大理古城,"100.149535,25.710163",大理的标志和象征，来大理不可错过的地方哦,False,云南省大理市大理古城西北两公里的苍山应乐峰下
云南,傣族园,4 A,5,,508,云南·西双版纳·景洪市,"100.954223,21.855821",梦回傣族园，聆听另一种文化,False,云南省西双版纳市景洪市勐罕镇橄榄坝
云南,泸沽湖,4 A,4.6,,486,云南·丽江·宁蒗县,"100.799558,27.668458",翠绿如画，身临其境，水天一色，清澈如镜,False,云南丽江市宁蒗彝族自治县东北部永宁乡
云南,苍山国家地质公园,4 A,4.4,,484,云南·大理·大理市,"100.175674,25.650175",绝色美景，不去就真的遗憾,False,云南省大理白族自治州大理市漾濞彝族自治县
云南,石林,5 A,3.9,,472,云南·昆明·石林彝族自治县,"103.332585,24.823046",怪石林立，突兀峥嵘，姿态各异,False,云南省昆明市石林彝族自治县境内
云南,鸡足山,4 A,3.5,,460,云南·大理·大理市,"100.400433,25.958131",享誉南亚、东南亚的佛教圣地,False,云南省大理州宾川县以西约30公里处
云南,噶丹松赞林寺,4 A,4.5,,404,云南·迪庆·香格里拉县,"99.712056,27.86626",寻梦香格里拉，寻找消失的地平线,False,云南省迪庆藏族自治州香格里拉县尼旺路下段
云南,九乡风景名胜区,4 A,3.6,,364,云南·昆明·宜良县,"103.390531,25.073926",九乡溶洞九十九，数完溶洞白了头,False,云南省昆明市宜良县九乡风景名胜区
云南,西双版纳勐泐文化旅游区,4 A,3.8,,324,云南·西双版纳·景洪市,"100.81375519985,21.969540244135",古代傣王朝的皇家寺院,False,云南省西双版纳州景洪市勐泐大道顶端4路1号
云南,南诏风情岛,4 A,3.8,,268,云南·大理·洱源县,"100.198355,25.907885",摄影家梦开始的地方,False,云南省大理白族自治州洱源县环海路双廊镇
云南,丽江古城,5 A,5,,242,云南·丽江·古城区,"100.240547,26.881159",一座没有城墙的古城，依山傍水，风景秀丽,False,云南省丽江市玉龙纳西族自治县东大街1号
云南,拉市海,3A,3.8,,210,云南·丽江·玉龙县,"100.145593,26.896784",湿地自然保护区,False,云南省丽江市玉龙县拉市海湿地公园
云南,昆明西山龙门景区,4 A,3.7,,200,云南·昆明·西山区,"102.640355,24.964658",瞻仰文化碑林，看满清八旗遗迹,False,云南省昆明市西山区西山公路
云南,滇池索道,4 A,0,,188,云南·昆明·滇池,"102.658903,24.965776",既跨水又越山的索道,False,云南省昆明市滇池旅游度假区湖滨路16号
云南,朱家花园,4 A,4.1,,180,云南·红河·建水县,"102.833826,23.622492",一组规模巨大的清代民居建筑群,False,云南省红河州建水县翰林街16号
云南,望天树景区,4 A,4.1,,170,云南·西双版纳·勐腊县,"101.594904,21.625925",走进望天树，亲近热带雨林,False,云南省勐腊县西双版纳热带雨林国家公园望天树景区
云南,天龙八部影视城,3A,3.8,,152,云南·大理·大理市,"100.155122,25.688114",为拍摄《天龙八部》兴建的拍摄基地,False,云南省大理州大理古城苍山景区下
云南,西部大峡谷温泉,4 A,0,,152,云南·昭通·水富县,"104.377061,28.644863",沉醉在山顶的云雾中，沐浴在升腾的水雾里,False,云南省昭通市水富县金沙江畔
云南,普者黑,5 A,5,,146,云南·文山·丘北县,"104.13577,24.123152",中国独一无二的喀斯特山水田园风光,False,云南省文山壮族苗族自治州丘北县城西13公里
云南,多依河,3A,5,,130,云南·曲靖·罗平县,"104.507315,24.768979",布依风情浓郁，原始古朴的水车缓慢运转,False,云南省曲靖市罗平县罗乃路
云南,坝美景区,3A,0,,118,云南·文山·广南县,"105.047666,24.319947",山清水秀，充满绿意，秀美世外桃源,False,云南省文山壮族苗族自治州广南县
云南,西双版纳热带花卉园,4 A,3.9,,110,云南·西双版纳·景洪市,"100.794184,22.016914",白白的缅桂花香气，飘进每一个傣家竹楼,False,云南省西双版纳傣族自治州景洪市宣慰大道99号
云南,普达措国家公园,5 A,4.4,,96,云南·迪庆·香格里拉县,"99.91451,27.807468",张杰谢娜婚礼之地，原始森林中的伊甸园,False,云南省迪庆藏族自治州香格里拉县建塘镇双桥
云南,洱海,4 A,5,,94,云南·大理·大理市,"100.262195,25.610132",邂逅爱情的绝佳之地,False,云南省大理市下关洱河南路1号
云南,珠江源,4 A,4.6,,78,云南·曲靖·沾益县,"103.957184,25.905147",天高云淡，尽享大自然的无限风光,False,云南省曲靖市沾益县境内的马雄山麓
云南,蓝月谷,5 A,0,,76,云南·丽江·玉龙雪山,"100.251243,27.131616",撒在玉龙雪山中的蓝宝石,False,云南省丽江市玉龙纳西族自治县15公里处玉龙雪山国家级风景名胜区内
云南,蝴蝶泉,3A,4,,70,云南·大理·大理市,"100.108928,25.913304",蝴蝶泉“三绝”：泉、蝶、树,False,云南省大理白族自治州苍山云弄峰下
云南,大观楼,4 A,4,,70,云南·昆明·西山区,"102.680412,25.030081",百年宅倾世之赞，文脉之大观楼,False,云南省昆明市西山区大观路72号
云南,武定狮子山,4 A,3.7,,68,云南·楚雄·武定县,"102.385484,25.539995",自然风光秀甲滇中，是西南的一座奇山,False,云南省楚雄彝族自治州武定县
云南,腾冲北海湿地,3A,4.6,,62,云南·保山·腾冲,"98.56517,25.126175",资源丰富的国家湿地保护区,False,云南省保山市腾冲县北海村
云南,观音峡,4 A,3.5,,58,云南·丽江·古城区,"100.276078,26.766885",秀丽峡谷风光，古朴纳西风情,False,云南省丽江市东南17公里处的七河乡
内蒙古,响沙湾,5 A,4.2,,244,内蒙古·鄂尔多斯·达拉特旗,"109.968018,40.249002",跟随骆驼队，踏上一段神秘之旅,False,内蒙古鄂尔多斯市达拉特旗响沙湾景区
内蒙古,大召寺,3A,4.5,,232,内蒙古·呼和浩特·玉泉区,"111.660429,40.80594",霸气侧漏皇上住过地方果然不一样,False,内蒙古呼和浩特市玉泉区大召前街大召寺
内蒙古,鄂尔多斯野生动物园,4 A,0,,90,内蒙古·鄂尔多斯·东胜区,"109.897155,39.845437",春天带孩子与小动物们亲密接触吧,False,内蒙古鄂尔多斯东胜铁西区三园路1号
内蒙古,五当召,4 A,3.9,,62,内蒙古·包头·石拐区,"110.320996,40.797434",气势雄伟，富现堂皇，有小布达拉宫之称,False,内蒙古省包头石拐区青五线五当沟
内蒙古,库布其沙漠,3A,4.2,,40,内蒙古·鄂尔多斯·达拉特旗,"109.89159,40.323151",让您与大自然亲近，让探险之梦成真,False,内蒙古鄂尔多斯市展旦召
内蒙古,蒙亮民族风情园,3A,0,,38,内蒙古·呼和浩特·玉泉区,"111.657615,40.823487",民族工艺品生产,False,内蒙古呼和浩特市玉泉区新华西街299号
内蒙古,辉腾锡勒草原,3A,5,,32,内蒙古·乌兰察布·察哈尔右翼中旗,"112.47071,41.428507",格调苍茫雄浑，色彩明媚清秀，甚为壮观,False,内蒙古省乌兰察布察哈尔右翼中旗
内蒙古,鄂尔多斯草原旅游区,4 A,3.6,,30,内蒙古·鄂尔多斯·杭锦旗,"108.634832,39.817608",鄂尔多斯草原，因你而美,False,内蒙古鄂尔多斯杭锦旗锡尼镇西南9公里处
内蒙古,成吉思汗陵,5 A,0,,28,内蒙古·鄂尔多斯·伊金霍洛旗,"109.793039,39.376552",世界蒙古民族心灵胜地,False,内蒙古鄂尔多斯市伊金霍洛旗伊金霍洛镇
内蒙古,美岱召,4 A,3.7,,28,内蒙古·包头·土默特右旗,"110.716041,40.610486",是一座“城寺结合，人佛共居”的喇嘛庙,False,内蒙古自治区包头市土默特右旗美岱召镇110国道北面
内蒙古,玉龙沙湖,4 A,3.8,,18,内蒙古·赤峰·翁牛特旗,"119.039915,43.041299",有“八百里瀚海”之称,False,内蒙古赤峰市翁牛特旗乌丹镇布日敦嘎查境内
内蒙古,梅力更,3A,3.6,,16,内蒙古·包头·九原区,"109.4542,40.671363",远离城市喧嚣的天然氧吧,False,内蒙古省包头市梅力更沟110国道724公里处
内蒙古,神泉生态旅游景区,4 A,0,,16,内蒙古·呼和浩特·托克托县,"111.224949,40.192416",九曲黄河十八弯，塞北大漠游神泉,False,内蒙古呼和浩特市托克托县旧城郝家窑村
内蒙古,蒙古源流旅游区,4 A,0,,14,内蒙古·鄂尔多斯·伊金霍洛旗,"109.756778,39.507376",蒙古源流文化产业园区坐落于一代天骄成吉思汗陵所在地——鄂尔多斯伊金霍洛旗，位于“呼包鄂”金三角和“蒙晋陕宁”四省的交汇处,False,内蒙古鄂尔多斯伊金霍洛旗蒙古源流文化产业园区
内蒙古,库伦银沙湾,5 A,0,,6,内蒙古·通辽·库伦旗,"121.633213,42.852563",沙漠探险、民族风情,False,内蒙古自治区通辽市库伦旗库伦镇道老都嘎查路北银沙湾路1号
内蒙古,七星湖沙漠风景区,4 A,3.5,,6,内蒙古·鄂尔多斯·杭锦旗,"108.353845,40.706882",湖水旖旎，水波不惊,False,内蒙古省鄂尔多斯市杭锦旗独贵塔拉镇
内蒙古,辉腾锡勒（黄花沟）草原旅游区,4 A,3.6,,4,内蒙古·乌兰察布·察哈尔右翼中旗,"112.549465,41.150495",牛羊游动，牧歌撩亮，堪称塞外江南,False,内蒙古乌兰察布察哈尔右翼中旗辉腾锡勒草原
内蒙古,成吉思汗陵旅游景区,5 A,5,,4,内蒙古·鄂尔多斯·伊金霍洛旗,"109.832426,39.369384",真实再现成吉思汗率军出征实景的大型军阵,False,内蒙古省鄂尔多斯市伊金霍洛旗伊金霍洛镇
内蒙古,二连浩特国家地质公园,4 A,0,,4,内蒙古·锡林郭勒盟·二连浩特,"112.02525,43.728264",恐龙化石群遗迹为主体景观的国家地质公园,False,内蒙古锡林郭勒盟二连浩特市市区东北9公里处
内蒙古,金帐汗蒙古部落,4 A,4.1,,2,内蒙古·呼伦贝尔·陈巴尔虎旗,"119.788654,49.511912",以游牧部落为景观的景点,False,内蒙古呼伦贝尔市陈巴尔虎旗呼伦贝尔草原德莫尔格勒河畔
内蒙古,北方兵器城,4 A,3.5,,2,内蒙古·包头·青山区,"109.88557462447,40.687036009509",展示北重集团为国防事业作出的突出贡献,False,内蒙古包头市青山区兵工路
内蒙古,根河源国家湿地公园,4 A,0,,64,内蒙古·呼伦贝尔·根河市,"121.675649,50.872078",多功能大型景区,False,内蒙古呼伦贝尔市根河市
内蒙古,巴尔虎部落,4 A,0,,59,内蒙古·呼伦贝尔·新巴尔虎左旗,"119.284674,47.702073",展现原生态巴尔虎民族的旅游景点,False,内蒙古呼伦贝尔市新巴尔虎左旗绥满公路301国道旁1494公里处
内蒙古,古榆园旅游区,3A,0,,62,内蒙古·通辽·开鲁县,"121.077151,43.573951",古榆风采千年依旧，衍生许多神奇传说,False,内蒙古通辽市开鲁县大榆树镇，距开鲁县城西20公里
内蒙古,呼伦贝尔古城,3A,0,,61,内蒙古·呼伦贝尔,"124.333798,48.591085",一座见证过历史变迁、商业沉浮的古城,False,内蒙古自治区呼伦贝尔市莫力达瓦达斡尔族自治旗
内蒙古,腾格里沙漠月亮湖,4 A,0,,54,内蒙古·阿拉善盟·阿拉善左旗,"105.277302,38.503858",集沙漠探险旅游、娱乐休假为一体,False,内蒙古阿拉善盟阿拉善左旗腾格里沙漠腹地
内蒙古,海拉尔国家森林公园,3A,3.6,,54,内蒙古·呼伦贝尔·海拉尔区,"119.721431,49.202231",中国北方珍贵的针叶树种之一,False,内蒙古呼伦贝尔盟海拉尔市区西部
内蒙古,呼和诺尔草原,4 A,3.6,,68,内蒙古·呼伦贝尔·陈巴尔虎旗,"119.246306,49.306136",具有独特的草原风光和浓郁的少数民族风情,False,内蒙古呼伦巴尔市陈巴尔虎旗
内蒙古,满洲里国门景区,5 A,3.7,,39,内蒙古·呼伦贝尔·中俄边境旅游区,"117.362682,49.63359",中俄边境旅游区的重要组成部分,False,内蒙古呼伦贝尔满洲里市西部中俄边境处
内蒙古,鄂尔多斯康巴什旅游区,4 A,0,,93,内蒙古·鄂尔多斯·康巴什,"109.819623,39.608494",民族性与现代性交相辉印的城市经典之作,False,内蒙古自治区鄂尔多斯市康巴什新区
内蒙古,阿拉善通湖草原,4 A,0,,46,内蒙古·阿拉善盟·阿拉善左旗,"104.938954,37.603207",大漠中的伊甸园，魅力多姿，美奂美伦,False,内蒙古阿拉善盟阿拉善左旗腾格里沙漠经济开发区
北京,故宫,5 A,5,,15277,北京·北京·东城区,"116.403347,39.922148",世界五大宫之首，穿越与您近在咫尺,False,北京市东城区景山前街4号
北京,颐和园,5 A,4.1,,9633,北京·北京·海淀区,"116.276887,39.999497",北方也有江南园林,False,北京市海淀区新建宫门路19号
北京,八达岭长城,5 A,4.1,,9618,北京·北京·延庆县,"116.03293,40.369733",一定要看那块“不到长城非好汉”碑,False,北京市延庆县军都山关沟古道北口216省道附近
北京,北京野生动物园,4 A,3.5,,5498,北京·北京·大兴区,"116.342645,39.50183",北京郊区的一座大型自然生态动物园,False,北京市大兴区一零六国道
北京,天坛公园,5 A,4,,5300,北京·北京·东城区,"116.417313,39.887976",探寻古代皇帝祭天仪式的奥秘,False,北京市东城区天坛内东里7号
北京,恭王府,5 A,3.7,,5260,北京·北京·西城区,"116.393097,39.942341",一起去看看和珅家,False,北京市西城区什刹海前海西街17号
北京,北京动物园,4 A,3.6,,3957,北京·北京·西城区,"116.34331,39.947983",百余种动物，让你离自然更近,False,北京市西城区西直门外大街137号
北京,圆明园,5 A,3.8,,3829,北京·北京·海淀区,"116.314607,40.01629",追忆昔日万园之园,False,北京市海淀区清华西路28号
北京,鸟巢,5 A,4.2,,2982,北京·北京·奥林匹克公园,"116.404487,40.000484",北京的地标，中华民族崛起的象征,False,北京市朝阳区国家体育场南路1号奥林匹克公园内
北京,北海公园,4 A,3.8,,1980,北京·北京·西城区,"116.398222,39.939528",让我们荡起双桨，小船儿推开波浪,False,北京市西城区文津街1号（故宫北）
北京,玉渊潭公园,4 A,3.6,,1960,北京·北京·海淀区,"116.32638,39.922645",花期未到，美照先行,False,北京市海淀区西三环中路10号
北京,北京海洋馆,4 A,3.5,,1686,北京·北京·西城区,"116.347505,39.95032",奇幻海洋之旅，在帝都感受大海的魅力,False,北京市海淀区高粱桥斜街乙18号
北京,慕田峪长城,5 A,3.5,,1460,北京·北京·怀柔区,"116.57035,40.437612",烽火戏诸侯的小众长城,False,北京市怀柔区慕田峪村
北京,北京欢乐谷,4 A,3.6,,1270,北京·北京·朝阳区,"116.500803,39.873539",七大主题园区带你畅享北京欢乐谷,False,北京市朝阳区东四环小武基北路
北京,中国科学技术馆,4 A,0,,980,北京·北京·朝阳区,"116.405132,40.012256",通过亲身参与，加深对科学的理解和感悟,False,北京市朝阳区北辰东路5号
北京,景山公园,4 A,3.7,,878,北京·北京·西城区,"116.40302,39.932031",俯看故宫绝佳位置,False,北京市西城区景山西街44号
北京,明十三陵,5 A,3.6,,852,北京·北京·昌平区,"116.234094,40.300017",气势磅礴的陵寝建筑群,False,北京市昌平区十三陵特区
北京,八达岭野生动物园,3A,3.5,,656,北京·北京·延庆县,"116.001343,40.359586",身临“野性天地”，感受“适者生存”,False,北京市延庆县八达岭中心停车场对面
北京,北京植物园,4 A,3.5,,546,北京·北京·海淀区,"116.216945,40.008988",集科学研究、科学普及和游览功能为一体,False,北京市海淀区卧佛寺路
北京,北京国际鲜花港,4 A,0,,530,北京·北京·顺义区,"116.806452,40.182654",感受花卉文化，徜徉花的海洋,False,北京市顺义区杨镇鲜花港南路9号
北京,司马台长城,4 A,3.8,,486,北京·北京·密云县,"117.284641,40.660322",城墙依险峻山势而筑，以奇、特、险著称于世,False,北京市密云县东北部的古北口镇境内
北京,京东石林峡,4 A,3.5,,480,北京·北京·平谷区,"117.254089,40.266748",谷内山峰挺立峭拔，天上美景落人间,False,北京市平谷区黄松峪乡雕窝村73号
北京,世界公园,4 A,3.5,,474,北京·北京·丰台区,"116.2937,39.816749",40个国家的109处著名古迹名胜微缩景点,False,北京市丰台区花乡丰葆路158号
北京,金海湖风景区,4 A,3.5,,434,北京·北京·平谷区,"117.320475,40.1886",峰峦叠翠，野卉生香，云影波光，美景如画,False,北京市平谷区东南盘山脚下海子村
北京,北京汽车博物馆,4 A,0,,406,北京·北京·丰台区,"116.308106,39.835053",感受汽车的无穷魅力，享受汽车的无限乐趣,False,北京市丰台区南四环西路126号
北京,世界花卉大观园,4 A,3.5,,308,北京·北京·丰台区,"116.359809,39.841719",揽天下奇花异草，聚世界经典园林,False,北京市丰台区南四环中路235号
北京,中央电视塔,4 A,3.6,,264,北京·北京·海淀区,"116.312768,39.925467",登高望远，俯瞰北京城,False,北京市海淀区西三环中路11号
北京,太平洋海底世界,3A,3.5,,242,北京·北京·海淀区,"116.312665,39.924769",漫步海底，欣赏五彩缤纷的海底生物,False,北京市海淀区西三环中路11号中央电视塔下
北京,香山公园,4 A,3.6,,226,北京·北京·海淀区,"116.203098,39.996942",坐上开往春天的地铁，体验香山的美,False,北京市海淀区买卖街40号
北京,北京野鸭湖国家湿地公园,4 A,3.5,,216,北京·北京·延庆县,"115.863561,40.416199",望湖楼上人望楼，野鸭湖畔春风暖,False,北京市延庆县康庄镇西北
北京,北京大观园,3A,3.8,,208,北京·北京·西城区,"116.362798,39.876875",红楼梦中走下来的建筑,False,北京市西城区（原宣武区）南菜园街12号
北京,居庸关长城,4 A,3.6,,192,北京·北京·昌平区,"116.081732,40.295477",千年军事关口，地形险要，历史独特,False,北京市昌平区南口镇居庸关长城
北京,怀柔青龙峡,4 A,3.5,,184,北京·北京·怀柔区,"116.694664,40.459505",集青山、绿水、古长城于一体的自然风景区,False,北京市怀柔区怀北镇大水峪村北500米
北京,什刹海,4 A,3.9,,168,北京·北京·西城区,"116.390595,39.949373",老北京的温柔乡，北京签到地,False,北京市西城区羊房胡同
北京,富国海底世界,4 A,3.5,,162,北京·北京·朝阳区,"116.453627,39.933904",利用高新技术让你与鱼类亲密接触,False,北京市朝阳区三里屯工体南路工人体育场南门
北京,十渡风景区,4 A,3.6,,162,北京·北京·房山区,"115.606468,39.644162",远离城市喧嚣，感受自然之美,False,北京市房山区十渡镇十渡村
北京,红螺寺,4 A,3.5,,154,北京·北京·怀柔区,"116.631693,40.380966", “寺古园林大，树古花气浓”,False,北京市怀柔区怀柔镇卢庄村北红螺东路2号
北京,云居寺,4 A,3.5,,北京·北京·房山区,北京·北京·房山区,"115.785016,39.613983",蕴涵着浓郁的佛教文化特色,False,北京市房山区云居寺路大石窝镇水屯村口
北京,奥林匹克公园,5 A,3.7,,128,北京·北京·朝阳区,"116.39611,39.994915",感受2008北京奥运的辉煌,False,北京市朝阳区天辰东路11号
北京,八大处公园,4 A,3.6,,114,北京·北京·石景山区,"116.190163,39.967956",有八座古寺而得名，香山外另一爬山绝佳地,False,北京市石景山区八达处路3号
北京,古北口长城,3A,3.5,,110,北京·北京·古北口文化文物旅游区,"117.172205,40.689651",长城体系、历史古迹、人文景观、军镇文化,False,北京市密云县古北口镇
北京,宋庆龄故居,3A,3.5,,104,北京·北京·西城区,"116.389564,39.951738","寻访伟人足迹,传承榜样精神",False,北京市西城区后海北沿西端46号
北京,南宫温泉水世界,4 A,0,,88,北京·北京·南宫旅游景区,"116.159617,39.812013",温泉与水世界，沐浴与戏水的有趣结合,False,北京市丰台区王佐镇南宫村长青路97号南宫文化休闲广场西侧
吉林,长影世纪城,5 A,4.3,,322,吉林·长春·南关区,"125.453307,43.779397",北方冬天玩出狂拽酷炫,False,吉林省长春市净月开发区长双公路
吉林,伪满皇宫博物院,5 A,4.6,,302,吉林·长春·宽城区,"125.355927,43.911781",伪满洲国傀儡皇帝爱新觉罗·溥仪的宫殿,False,吉林省长春市宽城区光复北路5号
吉林,长白山景区,5 A,5,,78,吉林·延边,"128.079743,42.025855",千年积雪为年松，直上人间第一峰,False,吉林省延边市安图县二道白河镇池北区
吉林,净月潭,5 A,5,,58,吉林·长春·南关区,"125.477467,43.788327",禅，净，修，净月潭，北普陀寺,False,吉林省长春市净月经济开发区净月大街5840号
吉林,长春世界雕塑园,5 A,3.8,,44,吉林·长春·南关区,"125.340462,43.828113",园内林园与碧水甚美，是难得的雕塑园,False,吉林省长春市南关区人民大街9518号
吉林,六鼎山文化旅游区,5 A,0,,40,吉林·延边·敦化市,"128.25024,43.32451",文化圣境 ，度假天堂,False,吉林省延边州敦化市吉林敦化六鼎山文化旅游区
吉林,御龙温泉,4 A,0,,24,吉林·长春·双阳区,"125.713331,43.600691",爱上慢游之乡，留在可宿之城,False,吉林省长春市双阳区杨家村
吉林,鸡冠山国家森林公园,4 A,3.5,,12,吉林·通化·梅河口市,"125.517227,42.197908",旅游观光、避暑度假的理想胜地,False,吉林省梅河口市吉乐乡吉兴村
吉林,防川风景区,4 A,3.5,,85,吉林·延边·珲春市,"130.643798,42.438",眼看三疆山川风貌，耳听三国鸡鸣狗吠,False,吉林省延边州珲春市敬信镇防川村
吉林,长白朝鲜族民俗村,3A,3.5,,82,吉林·白山·长白县,"127.939937,41.458608",餐饮购物区、民居服务区、果园采摘区,False,吉林省白山市长白朝鲜族自治县马鹿沟镇果园村
吉林,大戏台河,4 A,0,,32,吉林·延边·安图县,"128.227352,42.228688",九泉迸喷涌不息，泉水清澈甘甜,False,吉林省延边市安图县二道白河镇池北区（距长白山北景区山门8公里）
四川,剑门关,5 A,5,,840,四川·广元·剑阁县,"105.573795,32.211505",自然风光雄、奇、幽、秀,False,四川省广元市剑阁县河东街64号
四川,毕棚沟,4 A,3.5,,644,四川·阿坝藏族羌族自治州·理县,"102.986326,31.406428",知名的红叶观赏圣地，成都西北伊甸园,False,四川省阿坝州理县朴头乡朴头村88号
四川,成都欢乐谷,4 A,3.7,,624,四川·成都·金牛区,"104.040108,30.729181",时尚、动感、欢乐、梦幻,False,四川省成都市金牛区西华大道16号（近北三环交大立交）
四川,成都武侯祠,4 A,4.5,,620,四川·成都·武侯区,"104.054421,30.652343",体验三国蜀文化，享受最丰盛的文化晚餐,False,四川省成都市武侯区武侯祠大街231号
四川,四姑娘山,4 A,3.7,,590,四川·阿坝藏族羌族自治州·小金县,"102.852643,31.005369",四姑娘山有风景，有四娘,False,四川省阿坝藏族羌族自治州小金县
四川,康定情歌木格措风景区,4 A,0,,494,四川·甘孜州·康定市,"101.907249,30.195329",童话里的木格措，享受大小金川自然风景,False,四川省甘孜州康定县雅拉乡王母村
四川,海螺沟,5 A,4.5,,472,四川·甘孜州·泸定县,"102.090512,29.637949",云海仙境，让我迷失在你的神秘里,False,四川省甘孜藏族自治州泸定县木西镇共和村
四川,金顶,5 A,0,,468,四川·乐山·峨眉山,"103.34597,29.526387",峨眉山的主峰,False,四川省乐山市峨眉山市峨眉山景区内
四川,花舞人间,4 A,0,,412,四川·成都·新津县,"103.803879,30.395234",体验如天堂般绚丽多姿的花海,False,四川省成都市新津县新蒲路梨花溪1号
四川,稻城亚丁,5 A,5,,398,四川·甘孜州·稻城县,"100.324691,28.540034",从你的全世界路过,False,四川省甘孜藏族自治州稻城县
四川,墨石公园,4 A,0,,392,四川·甘孜州·道孚县,"101.541881,30.445199",拥有世人向往的八大奇观,False,四川省甘孜州道孚县八美镇卡玛村与中古村交界处
四川,螺髻九十九里风景区,4 A,0,,370,四川·凉山州·西昌市,"102.467356,27.493385",一里一个景，九里一个奇观，共九十九景,False,四川省凉山彝族自治州普格县乔窝镇螺髻
四川,建川博物馆聚落,4 A,3.5,,320,四川·成都·大邑县,"103.626093,30.505741",收藏丰富的民间博物馆,False,四川成都大邑县安仁古镇迎宾路（近金桂公馆酒店）
四川,碧峰峡,5 A,4.5,,306,四川·雅安·雨城区,"102.997037,30.078428",听浪漫传说，呼吸大自然新鲜空气,False,四川省雅安市雨城区下里乡碧峰镇
四川,西岭雪山,4 A,3.7,,298,四川·成都·大邑县,"103.179416,30.620509",壮观旖旎、神秘奇特,False,四川省成都市大邑县内
四川,瓦屋山,3A,5,,260,四川·眉山·洪雅县,"102.998884,29.684073",世界自然遗产，全国大型国家森林公园,False,四川省眉山市洪雅县瓦屋山镇
四川,石象湖,4 A,3.5,,252,四川·成都·蒲江县,"103.43155,30.19131",都市人寻觅的一片修养身心的净土,False,四川省成都市蒲江县成雅高速公路86公里出口处（蒲江服务区）
四川,蜀南竹海,4 A,5,,214,四川·宜宾·长宁县,"105.077569,28.503202",《中国国家地理》评选中国十大美丽森林,False,四川省宜宾市长宁县竹海镇
四川,邓小平故里,5 A,4.2,,190,四川·广安·广安区,"106.646456,30.529652",全国爱国主义教育基地,False,四川省广安市广安区协兴镇
四川,成都大熊猫繁育研究基地,4 A,4,,9731,四川·成都·成华区,"104.152603,30.738951",无关黑与白， 不分胖与瘦， 可爱而又温暖,False,四川省成都市成华区外北熊猫大道1375号
四川,都江堰,5 A,5,,4674,四川·成都·都江堰市,"103.620123,31.006855",感受都江堰水利工程的古人智慧,False,四川省成都市都江堰市
四川,九寨沟,5 A,5,,3938,四川·阿坝藏族羌族自治州·九寨沟县,"103.928015,33.271447",传说中的童话天堂，你还在犹豫么,False,四川省阿坝藏族羌族自治州九寨沟县漳扎镇九寨沟
四川,峨眉山,5 A,5,,3789,四川·乐山·峨眉山市,"103.342036,29.522835",云上金顶，天下峨眉,False,四川省乐山峨眉山市峨眉山风景名胜区
四川,青城山,5 A,4.8,,3324,四川·成都·都江堰市,"103.578829,30.903727",青城山下白素贞，洞中千年修此身,False,四川省成都市都江堰市青城山路
四川,三星堆博物馆,4 A,5,,3218,四川·德阳·广汉市,"104.22944,31.007071",20世纪人类的考古发现,False,四川省德阳广汉市西安路133号
四川,乐山大佛,5 A,4.1,,3126,四川·乐山·市中区,"103.779093,29.550402",摩崖石刻造像,False,四川省乐山市市中区凌云路2435号簏子街
四川,杜甫草堂,4 A,4.3,,1504,四川·成都·青羊区,"104.036061,30.666089",成都地标签到处,False,四川省成都市青羊区青华路37号
四川,成都海昌极地海洋公园,4 A,0,,1410,四川·成都·双流区,"104.080914,30.50059",一天游南北极，来了才知海洋多奇妙,False,成都市天府新区华阳海洋路68号
四川,金沙遗址博物馆,4 A,3.5,,1184,四川·成都·青羊区,"104.019799,30.686636",看沉睡千年的太阳神鸟，了解神秘古蜀文化,False,成都市青羊区金沙遗址路2号成都金沙遗址博物馆
四川,黄龙风景区,5 A,3.7,,1090,四川·阿坝藏族羌族自治州·松潘县,"103.839798,32.75533",保护完好的高原湿地,False,四川省阿坝藏族羌族自治州松潘县
四川,李白故居,4 A,0,,162,四川·绵阳·江油市,"104.699002,31.675048",弘扬李白文化 展现李白文化,False,四川省江油市青莲镇天宝山
四川,螺髻山,4 A,3.9,,162,四川·凉山州·西昌市,"102.396793,27.794591",罕见的保持完整的第四纪古冰川天然博物馆,False,四川省凉山州普格县螺髻山镇
四川,东方佛都,4 A,3.6,,150,四川·乐山·市中区,"103.782957,29.545744",一座规模宏大的佛教艺术宝库,False,四川省乐山市市中区凌云路362号
四川,盐业历史博物馆,3A,4.2,,144,四川·自贡·自流井区,"104.777457,29.355294",一座由陕籍盐商集资修筑的同乡会馆,False,四川省自贡市自流井区解放路105号
天津,天津海昌极地海洋公园,4 A,0,,792,天津·天津·滨海新区,"117.668338,39.01374",快来与海洋动物亲密接触,False,天津市滨海新区响螺湾中心商务区61号
天津,天津欢乐谷,4 A,0,,508,天津·天津·东丽区,"117.48083,39.193173",这刺激！带你过瘾带你high,False,天津市东丽区东丽湖旅游度假区东丽之光大道
天津,天津盘山风景名胜区,5 A,4,,346,天津·天津·蓟县,"117.286958,40.100119",早知有盘山，何必下江南,False,天津市蓟县官庄镇北15公里处
天津,天津泰达航母主题公园,4 A,3.5,,236,天津·天津·滨海新区,"117.815028,39.162205",军事主题公园,False,天津市滨海新区汉沽汉北路269号
天津,石家大院,4 A,3.7,,204,天津·天津·西青区,"117.017172,39.14089",现为民俗博物馆，是清代津门八大家之一,False,天津市西青区杨柳青镇估衣街47号
天津,天津古文化街,5 A,4.2,,148,天津·天津·南开区,"117.198268,39.149537",充满浪漫气息的旅游步行街,False,天津市南开区通北路与东马路交口附近
天津,天津蓟州黄崖关长城景区,4 A,3.7,,148,天津·天津·蓟县,"117.451814,40.250234",将万里长城精华荟萃于一地，文化内涵丰富,False,天津市蓟县下营镇黄崖关村卫围公路28公里
天津,梨木台,4 A,3.6,,142,天津·天津·蓟县,"117.550909,40.203451",”天津的神农架“和”北方的热带雨林“,False,天津市蓟县蓟县下营镇船舱峪村北
天津,张学良故居,4 A,3.6,,98,天津·天津·和平区,"117.208211,39.129784",体味张学良将军生活的原貌,False,天津市和平区赤峰道78号
天津,光合谷旅游度假区,4 A,0,,80,天津·天津·静海县,"117.181526,38.899352",独具特色的北方生态文化旅游胜地,False,天津市静海县团泊镇新城东区光合谷旅游度假区
天津,独乐寺,4 A,3.7,,74,天津·天津·蓟县,"117.410073,40.05099",一座享誉中外的千年古刹,False,天津市蓟县城内武定街41号
天津,蓟州溶洞,3A,0,,48,天津·天津·蓟县,"117.383484,40.137052",洞内景观晶莹剔透，千姿百态，绚丽多姿,False,天津市蓟县罗庄子镇洪水庄村北灵气山下
天津,天津之眼摩天轮,4 A,0,,46,天津·天津·河北区,"117.193805,39.160233",华灯初上，享受别样浪漫,False,天津市河北区三岔河口永乐桥上
天津,天山海世界米立方,4 A,0,,26,天津·天津·津南区,"117.444724,38.933377",恒温水上欢乐，满足你爱水的天性,False,天津市津南区天津市津南区小站镇津歧路与盛塘路交汇处
天津,天津武清绿博园,4 A,0,,24,天津·天津·武清区,"117.137601,39.341076",水绿相融的自然生态景观,False,天津市武清区下朱庄南湖景区
天津,天津博物馆,3A,3.7,,16,天津·天津·河西区,"117.218032,39.091611",集收藏等措施为一体，天津标志性文化设施,False,天津市河西区友谊路31号　　
天津,天津热带植物观光园,4 A,3.5,,12,天津·天津·西青区,"117.101026,39.144691",独具特色，可与英国的“伊甸园”相媲美,False,天津市西青区外环线七号桥北300米
天津,大悲禅院,4 A,3.9,,10,天津·天津·河北区,"117.188943,39.156246",朱门绿瓦，佛坛高筑，松柏参天，庄严静穆,False,天津市河北区天纬路中段东北侧
天津,精武门·中华武林园,4 A,0,,10,天津·天津·西青区,"117.141643,39.034742",世界精武之源，也是世界精武之根,False,天津市西青区精武镇小南河村
天津,天津水上公园,4 A,4.2,,2,天津·天津·南开区,"117.168253,39.088427",大型综合性公园，是津门十景之一,False,天津市南开区水上公园北路33号
宁夏,镇北堡西部影城,5 A,0,,868,宁夏·银川·西夏区,"106.078785,38.620428",邂逅“东方好莱坞”,False,宁夏省银川市西夏区镇北堡西部影城
宁夏,沙湖旅游区,5 A,5,,362,宁夏·石嘴山·平罗县,"106.389074,38.820453",看珍鸟奇禽，群鸟嬉戏的绝佳之地,False,宁夏省石嘴山市平罗县境内西大滩（沙湖生态旅游区）
宁夏,沙坡头旅游区,5 A,5,,346,宁夏·中卫·沙坡头区,"105.010609,37.47778",欧亚大通道，古丝绸之路的必经之地,False,宁夏回族自治区中卫市沙坡头区迎水桥镇
宁夏,贺兰山岩画,4 A,4.5,,344,宁夏·银川·贺兰县,"106.032253,38.742232",刻在岩石上的金戈铁马,False,宁夏回族自治区银川市贺兰县贺兰山东麓贺兰口
宁夏,西夏陵,4 A,4.9,,224,宁夏·银川·西夏区,"105.867708,38.559179",赏夏陵冬韵，探神秘古国,False,宁夏回族自治区银川市西夏区贺兰山东麓
宁夏,黄沙古渡原生态旅游区,4 A,3.6,,182,宁夏·银川·兴庆区,"106.557964,38.587458",大漠黄河，塞北江南,False,宁夏银川市兴庆区月牙湖乡
宁夏,水洞沟旅游区,5 A,4.1,,124,宁夏·银川·灵武市,"106.525497,38.289477",古人类、古长城遗址地,False,"宁夏银川市灵武市临河镇水洞沟旅游景区（西距银川市19公里,距机场11公里）"
宁夏,贺兰山国家森林公园（苏峪口）,4 A,3.7,,78,宁夏·银川·贺兰县,"105.999766,38.72118",自然风光和人文景致皆有的生态旅游区,False,宁夏回族自治区银川贺兰县苏峪口
宁夏,青铜峡黄河大峡谷旅游区,4 A,0,,26,宁夏·吴忠·青铜峡市,"105.998541,37.889516",素有“黄河上游小三峡”之称,False,宁夏回族自治区吴忠市青铜峡市
宁夏,鸣翠湖国家湿地公园,4 A,3.6,,26,宁夏·银川·兴庆区,"106.378331,38.405079",湖光戏柳，草树烟绵，百鸟翔集，鱼跃其间,False,宁夏回族自治区银川市兴庆区掌政镇东1公里
宁夏,中卫寺口子风景旅游区,4 A,3.5,,16,宁夏·中卫·沙坡头区,"105.453767,37.298793",塞外罕见的丹霞地貌构成了这里的奇绝之景,False,宁夏回族自治区中卫市沙坡头区宣和镇寺口风景区
宁夏,森淼生态旅游区,3A,0,,16,宁夏·银川·银川植物园,"106.185404,38.424594",银川市郊的天然“氧吧”,False,中国宁夏省银川市金凤区银川植物园内
宁夏,须弥山石窟旅游区,4 A,4.7,,14,宁夏·固原·原州区,"105.997735,36.281909",石窟艺术和宗教文化,False,宁夏省固原市三营镇黄铎堡街须弥山石窟文物管理所
宁夏,青铜峡黄河楼,4 A,0,,12,宁夏·吴忠·青铜峡市,"106.148208,38.006734",屋面铺装金黄色琉璃瓦，整体风格恢弘大气,False,宁夏自治区吴忠青铜峡市黄河路与滨河大道交叉处
宁夏,腾格里湖湿地金沙岛,4 A,0,,4,宁夏·中卫·沙坡头区,"105.126969,37.545048",沙漠中的伊甸园,False,宁夏回族自治区中卫市迎水镇城区西约7公里
宁夏,六盘山国家森林公园,4 A,5,,2,宁夏·固原·泾源县,"106.353635,35.39634",关中平原的天然屏障，三大河流的发源地,False,宁夏回族自治区固原市泾源县
宁夏,长流水旅游区,3A,0,,33,宁夏·银川·灵武市,"106.379619,37.839522",自然天成的绿色景区,False,宁夏回族自治区银川灵武市长流水
宁夏,永宁文化园,4 A,0,,52,宁夏·银川·永宁县,"106.244449,38.297385",领略回族历史宗教风俗文化的多姿多彩,False,银川南 宁夏银川市永宁县城西高速路口
宁夏,六盘山红军长征景区,4 A,0,,74,宁夏·固原·隆德县,"106.212287,35.674691",首批中国100个经典红色旅游景区,False,宁夏固原市隆德县杨家店村六盘山红军长征景区
宁夏,火石寨国家地质公园,4 A,3.9,,76,宁夏·固原·西吉县,"105.761388,36.093087",有堪称四绝的奇山，岩层，茂树，洞窟,False,宁夏省固原市西吉县
安徽,黄山风景区,5 A,5,,3924,安徽·黄山·黄山区,"118.193977,30.097967",五岳归来不看山，黄山归来不看岳,False,安徽省黄山市黄山区黄山风景区
安徽,宏村,5 A,3.9,,3389,安徽·黄山·黟县,"117.995474,30.010385",炊烟袅袅升起，行走在皖南小山村,False,安徽省黄山市黟县宏村镇宏村里
安徽,西递,5 A,3.5,,2187,安徽·黄山·黟县,"118.003549,29.91024",徽派建筑，乡间水墨画,False,安徽省黄山市黟县西递镇西递村
安徽,九华山,5 A,5,,508,安徽·池州·青阳县,"117.810454,30.488263",神奇灵秀地，大愿九华山,False,安徽省池州市九华山镇二一九省道
安徽,芜湖方特梦幻王国,5 A,0,,308,安徽·芜湖·鸠江区,"118.466163,31.365534",东方梦幻乐园，亚洲科幻神奇,False,安徽省芜湖市鸠江区赤铸山东路华强文化科技产业园
安徽,合肥融创乐园,4 A,0,,256,安徽·合肥·合肥融创文化旅游城,"117.310454,31.697388",各种娱乐设施让你嗨不停,False,安徽省合肥市滨湖新区庐州大道788号合肥融创乐园（万年埠路合肥融创诺富特酒店对面路口入内）
安徽,黄山太平湖,4 A,0,,206,安徽·黄山·黄山区,"118.025561,30.374314",“黄山情侣”太平湖，“中华翡翠”在皖南,False,安徽省黄山市黄山区太平湖镇
安徽,徽州古城,5 A,3.5,,182,安徽·黄山·歙县,"118.442455,29.871875",歙县古城的街巷基本保持着明、清风貌,False,安徽省黄山市歙县古城东南部
安徽,天堂寨,5 A,5,,176,安徽·六安·金寨县,"115.787575,31.136299",感受大自然的神气伟丽，品味乡野的淳朴善良,False,安徽省金寨县天堂寨风景区
安徽,黄山翡翠谷,4 A,3.6,,168,安徽·黄山·黄山区,"118.228912,30.117235",人间瑶池仙境，天下奇景丽水,False,安徽省黄山市黄山区汤口镇翡翠新村001幢
安徽,琅琊山,4 A,5,,160,安徽·滁州·滁州市,"118.288777,32.283117",景色蔚然深秀，有“蓬莱之后无别山”之誉,False,安徽省滁州市南谯区览山路111号
安徽,花戏楼,4 A,3.5,,158,安徽·亳州·毫州市,"115.779926,33.890649",建筑雕刻精湛、彩绘绚丽，驰名中外,False,安徽省亳州市谯城区咸宁街一号花戏楼路北段路东
安徽,马仁奇峰,4 A,3.8,,154,安徽·芜湖·南陵县,"118.174791,30.978893",小张家界 | 云端玻璃栈道叫人腿抖,False,安徽省芜湖市繁昌铜陵南陵三县交界处
安徽,南屏古镇,4 A,3.6,,146,安徽·黄山·黟县,"117.910234,29.905838",走进乡村回归自然好去处,False,安徽省黄山市黟县碧阳镇南屏村
安徽,牌坊群鲍家花园,5 A,0,,144,安徽·黄山·歙县,"118.378696,29.868063",浓重徽州文化，悟儒家人生哲理和文化内涵,False,安徽黄山歙县棠樾村
安徽,新安江山水画廊,4 A,3.5,,140,安徽·黄山·歙县,"118.625539,29.868306",人行明镜中，鸟度屏风里,False,安徽省黄山市歙县深渡镇
安徽,阜阳生态园,4 A,3.6,,136,安徽·阜阳·颍泉区,"115.798013,32.939262",大型游乐园，是游客活动的好天地,False,安徽省阜阳市欧阳修路666号
安徽,万佛湖,5 A,4.6,,134,安徽·六安·舒城县,"116.783898,31.30951",60多个大小不一的岛屿，有安徽千岛湖之誉,False,安徽省六安市舒城县万佛湖风景区
安徽,八里河,5 A,5,,118,安徽·阜阳·颍上县,"116.3007,32.573837",飞流直下三千尺，疑是银河落九天,False,安徽省阜阳市颍上县
安徽,丫山花海石林,4 A,3.6,,116,安徽·芜湖·南陵县,"118.024199,30.816451",牡丹之乡，西山灵石,False,安徽省芜湖市南陵县丫山镇丫山花海石林旅游区
安徽,呈坎,5 A,3.6,,116,安徽·黄山·徽州区,"118.293031,29.928992",集自然八卦和人文八卦相结合的千年古村,False,安徽省黄山市徽州区呈坎镇
安徽,鸠兹古镇,4 A,0,,114,安徽·芜湖·芜湖鸠兹古镇度假区,"118.473303,31.374645",车水马龙，商贾云集，徽商扎堆的徽帮雄镇,False,安徽省芜湖市鸠江区纬二路
安徽,燕子河大峡谷,4 A,0,,106,安徽·六安·金寨县,"115.899347,31.249509",险崖、奇石、幽谷、秀水,False,安徽省六安市金寨县燕子河镇西南部茶铺村境内
安徽,太极洞,4 A,4.1,,94,安徽·宣城·广德县,"119.616139,31.123154",洞藏山水间，等你千万年,False,安徽省宣城市广德县太极洞风景区
安徽,巨石山,4 A,0,,92,安徽·安庆·宜秀区,"117.092772,30.69348",登上吟风亭，心旷神怡，几欲羽化登仙,False,安徽省安庆市宜秀区罗岭镇小龙山村
安徽,黄山芙蓉谷,4 A,0,,82,安徽·黄山·黄山区,"118.164571,30.201696",群峰耸立，溪水如带，昂首舞爪，跃跃欲飞,False,安徽省黄山市黄山区耿城镇（黄山风景区北门）
安徽,采石矶,5 A,5,,82,安徽·马鞍山·雨山区,"118.466567,31.656788",千古画卷，诗仙长眠之地,False,安徽省马鞍山市雨山区采石镇唐贤街1号
安徽,皇藏峪国家森林公园,4 A,5,,80,安徽·宿州·萧县,"117.059492,34.029733",淮北部反映历史上生物群落面貌的区域,False,安徽省宿州市萧县皇藏峪国家森林公园
安徽,三河古镇,5 A,4.6,,80,安徽·合肥·肥西县,"117.250617,31.522255",典型的水乡古镇,False,安徽省合肥市肥西县三河镇三杭路
安徽,木坑竹海,3A,3.5,,78,安徽·黄山·黟县,"118.03725,30.009298",卧虎藏龙拍摄地，恰如世外桃源般令人神往,False,安徽省黄山市黟县宏村木坑
安徽,查济古村,4 A,0,,78,安徽·宣城·泾县,"118.067257,30.55036",十里查村九里烟，三溪汇流万户间,False,安徽省宣城市泾县桃花潭镇查济村
安徽,敬亭山,4 A,3.9,,76,安徽·宣城,"118.739596,30.991457",千古诗歌之山,False,安徽省宣城市北郊
安徽,狼巷迷谷,4 A,3.7,,74,安徽·滁州·凤阳县,"117.611931,32.664887",谷内景观千姿百态，如同天然迷宫,False,安徽省滁州市凤阳县殷涧镇城东南30公里处
安徽,牯牛降景区,4 A,3.6,,72,安徽·黄山·祁门县,"117.541334,30.020001",是我国中亚热带难得的一处森林生态保护区,False,安徽省黄山市黄山区祁门县境内
安徽,天峡,4 A,0,,66,安徽·安庆·岳西县,"116.049173,30.823101",峭壁林立，飞瀑流泉，草木葳蕤秀丽,False,安徽省安庆市岳西县河图镇
安徽,齐云山景区,4 A,3.6,,60,安徽·黄山·休宁县,"118.046452,29.819613",丹霞地貌、摩崖石刻、山水田园,False,安徽省黄山市休宁县齐云山镇岩前街018号
安徽,天柱山,5 A,4.3,,60,安徽·安庆·潜山市,"116.466287,30.739246",飞瀑流泉，溪涧遍布，山有多高，水有多长,False,安徽省安庆市潜山县境内
安徽,鄣山大峡谷,4 A,0,,48,安徽·宣城·绩溪县,"118.750789,30.094484",徽乡餐秀、人杰石灵、峡谷龙吟、雪岩飞瀑,False,安徽省宣城市绩溪县适之街新华书店2楼
安徽,皖西大裂谷,4 A,3.9,,46,安徽·六安·金安区,"116.589532,31.477618",怪石嶙峋，泉水淙淙，可领略自然鬼斧神工,False,安徽省六安市金安区张店镇
安徽,徽园,4 A,4.4,,44,安徽·合肥·合肥市,"117.225253,31.789751",创徽派建筑之新秀,False,安徽省合肥市繁华大道276号
安徽,石台牯牛降,4 A,0,,42,安徽·池州·石台县,"117.506383,30.139377",以雄、奇、险著称，古称“西黄山”,False,安徽省石台县牯牛降景区
安徽,大别山地质公园铜锣寨,3A,0,,38,安徽·六安·霍山县,"116.050574,31.155782",原山原水愿生态，野滋野味野风情,False,安徽省六安市霍山县上土市镇街道
安徽,古徽州文化旅游区,5 A,0,,36,安徽·黄山·徽州区,"118.308664,29.863671",将“徽文化”完美鲜活地呈现于世,False,安徽省黄山市徽州区g205
安徽,迪沟,4 A,4.6,,36,安徽·阜阳·颍上县,"116.380581,32.809337",生态旅游与佛教文化为一体的旅游风景区,False,安徽省阜阳市颍上县迪沟开发区
安徽,龙川风景区,5 A,5,,32,安徽·宣城·绩溪县,"118.674492,30.081468",聚天地之灵，享人文之杰,False,安徽省宣城市绩溪县086县道
安徽,龙泉洞,4 A,0,,32,安徽·宣城·宣州区,"119.005306,30.828326",留存百万年的灰岩溶洞,False,安徽省宣城市宣州区水东镇
安徽,明堂山,4 A,3.5,,32,安徽·安庆·岳西县,"116.108917,30.862298",远离城市雾霾,False,安徽省安庆市岳西县河图镇
安徽,桃花潭,4 A,4.4,,30,安徽·宣城·泾县,"118.158136,30.486948",移步皆成景、四时景宜人,False,安徽省宣城市泾县063县道桃花潭境
安徽,蓬莱仙洞,4 A,3.6,,28,安徽·池州·石台县,"117.552398,30.23721",来“仙山”看“仙洞”,False,安徽省池州市石台县仁里镇杜村
山东,千佛山,4 A,4.3,,3672,山东·济南·历下区,"117.041792,36.644733",遥望齐州九点烟，一泓海水杯中泻,False,山东省济南市历下区经十一路18号
山东,曹州牡丹园,3A,5,,2043,山东·菏泽·牡丹区,"115.507426,35.283395",一品牡丹香,False,山东省菏泽市牡丹区牡丹街
山东,泰山,5 A,5,,1686,山东·泰安·泰山区,"117.12107,36.247343",会当凌绝顶，一览纵山小,False,山东省泰安市泰山区红门路54号
山东,青岛海昌极地海洋公园,4 A,3.8,,1364,山东·青岛·崂山区,"120.449481,36.07508",一起与极地动物们亲密接触吧,False,山东省青岛市崂山区东海东路60号
山东,青岛海底世界,4 A,3.7,,1336,山东·青岛·市南区,"120.342061,36.062757",山中有海，偶遇美人鱼,False,山东省青岛市市南区莱阳路2号
山东,青岛森林野生动物世界,4 A,3.5,,1048,山东·青岛·黄岛区,"120.066014,35.988067",体验人与动物共享自然和谐相处的乐趣,False,山东省青岛市黄岛区小珠山风景区
山东,台儿庄古城,5 A,0,,750,山东·枣庄·台儿庄区,"117.747047,34.563186",被誉为“中华民族扬威不屈之地”,False,山东省枣庄市台儿庄区华兴路东段
山东,大珠山,4 A,3.5,,670,山东·青岛·胶南市,"120.011847,35.803661",旅游资源丰富，人文景观和自然景观荟萃,False,山东省青岛胶南市滨海街道办事处石门寺
山东,青岛啤酒博物馆,4 A,3.6,,642,山东·青岛·市北区,"120.35324,36.085299",寻访青岛啤酒发源地,False,山东省青岛市市北区登州路56号青岛啤酒厂内
山东,趵突泉公园,5 A,4.7,,618,山东·济南·天下第一泉风景区,"117.02264,36.667808",康熙皇帝赞誉的天下名泉,False,山东省济南市历下区趵突泉南路1号
山东,金宝乐园,4 A,3.8,,594,山东·潍坊·奎文区,"119.133498,36.661729",享受自然与清静，体验不一样的假期,False,山东潍坊市奎文区潍洲路438号
山东,刘公岛,5 A,5,,490,山东·威海·环翠区,"122.147601,37.499885",北洋水师的诞生地，甲午战争的古战场,False,山东省威海市海滨北路101-2号
山东,三孔,5 A,4.3,,488,山东·济宁·曲阜,"116.996485,35.597878",孔府、孔庙、孔林，儒家圣地,False,山东省曲阜市明故城
山东,泉城欧乐堡梦幻世界,4 A,0,,478,山东·德州·齐河县,"116.851086,36.749665",畅游梦幻世界，感受欧洲风情,False,山东省德州市齐河县黄河国际生态城旅游路07号
山东,临沂动植物园旅游区,4 A,3.6,,446,山东·临沂·兰山区,"118.55122,34.995294",自然、幽静、野趣、戏水、粗犷,False,山东省临沂市兰山区经济技术开发区老327国道与厦门路交汇处东500米（沐河西岸陈家村）
山东,崂山,5 A,4.1,,424,山东·青岛·崂山区,"120.601677,36.195942",古语云：“泰山虽云高，不如东海崂”,False,山东省青岛市崂山区内
山东,曲阜尼山圣境景区,4 A,3.6,,330,山东·济宁·曲阜,"117.219223,35.518329",“文化修贤度假胜地”,False,济宁市曲阜尼山镇圣像路9号
山东,济南植物园,4 A,3.6,,264,山东·济南·章丘市,"117.464803,36.622245",艺术外貌与科学内涵、文化内涵有机结合,False,山东省济南章丘市埠村街道办事处
山东,蓬莱阁,5 A,5,,254,山东·烟台·蓬莱市,"120.760473,37.832144",道教传说中著名的神仙住所和人间仙境,False,山东省烟台蓬莱市迎宾路7号
山东,周村古商城,4 A,3.6,,228,山东·淄博·周村区,"117.848444,36.807",周村古老的商业街,False,山东省淄博市周村区周村大街296号
山东,信号山公园,3A,3.6,,226,山东·青岛·市南区,"120.338223,36.072829",俯瞰青岛前海建筑群和海滨风光的佳处,False,山东省青岛市市南区齐东路17号
山东,竹泉村,4 A,0,,210,山东·临沂·沂南县,"118.444301,35.653863",竹泉美景胜江南，何必舍近去求远,False,山东省临沂市沂南县铜井镇竹泉村
山东,威海华夏城景区,5 A,3.5,,166,山东·威海·环翠区,"122.129632,37.430076",自然与科技一体的新型生态旅游度假圣地,False,山东省威海市环翠区威海经济技术开发区华夏路1号
山东,黄花溪,4 A,0,,158,山东·潍坊·青州市,"118.262973,36.527383",被众多游客称为“北方九寨沟”,False,山东省青州市
山东,九顶塔中华民俗欢乐园,4 A,0,,158,山东·济南·历城区,"117.143393,36.424962",了解16个少数民族村寨的民俗民居,False,山东省济南市历城区柳埠镇秦家庄
山东,龙口南山旅游区,5 A,3.6,,156,山东·烟台·龙口市,"120.481974,37.572253",福寿南山，养心天堂,False,山东省烟台龙口市东江镇南山旅游景区
山东,台儿庄大战纪念馆,4 A,5,,154,山东·枣庄·台儿庄区,"117.738233,34.564435",震惊中外的台儿庄大战而建的纪念性丰碑,False,山东省枣庄市台儿庄区沿河南路6号
山东,长岛,4 A,3.9,,152,山东·烟台·长岛县,"120.732217,37.921039",朝看黄海日出，暮观渤海日落,False,山东省烟台市长岛县长岛风景区
山东,九如山度假风景区,4 A,3.5,,150,山东·济南·历城区,"117.304238,36.486793",生态观光，休闲娱乐，游憩度假为一体,False,山东省济南市南部山区西营街道
山东,地下大峡谷,4 A,5,,134,山东·临沂·萤火虫水洞·地下大峡谷旅游区,"118.552734,35.731915",中国特大型著名溶洞之一,False,山东省临沂市沂水县姚店子镇永富庄
山东,水浒好汉城,4 A,0,,130,山东·菏泽·郓城,"115.93948,35.591736",水浒故事的发源地,False,山东省菏泽市郓城县西门街南段
山东,天上王城,4 A,4.6,,112,山东·临沂·沂水县,"118.371203,35.957777",赏沂蒙山崮群风光，探古纪国的历史遗存,False,山东省临沂市沂水县沂蒙山腹地的沂水县城西北40公里处
山东,临沂海洋世界主题公园,3A,0,,112,山东·临沂·兰山区,"118.322499,35.112187",穿越海底隧道，近距离接触海洋生物,False,山东省临沂市兰山区临沂书圣文化城（蒙山大道与双岭路交汇处）
山西,五台山,5 A,5,,2334,山西·忻州·五台县,"113.596375,38.984397",兼有汉地和藏传佛教的佛教道场,False,山西省忻州市五台县台怀镇
山西,平遥古城,5 A,5,,1576,山西·晋中·平遥县,"112.190081,37.21041",游览原汁原味古城，感受浓郁的晋商文化气息,False,山西省晋中市平遥县
山西,云冈石窟,5 A,5,,972,山西·大同·南郊区,"113.139454,40.117323",石头写成的千年史卷,False,山西省大同市城西约16公里的武州山南麓
山西,王家大院,4 A,4.1,,782,山西·晋中·灵石县,"111.881551,36.902417",汉族传统民俗文化建筑艺术的瑰宝,False,山西省晋中市灵石县静升镇静升村
山西,壶口瀑布,4 A,4.4,,502,山西·临汾·吉县,"110.458711,36.136265",一年四季，欣赏不同时期瀑布恢宏,False,山西省临汾市吉县壶口镇黄河壶口瀑布国家地质公园内
山西,山西晋祠博物馆,4 A,3.8,,264,山西·太原·晋源区,"112.449588,37.714882",古代祭祀建筑，碑刻等为一体的文化遗产,False,山西省太原市晋源区晋祠镇
山西,应县木塔,4 A,5,,264,山西·朔州·应县,"113.195365,39.571065",建筑结构国内现存仅此一例,False,山西省朔州市应县城内塔前街
山西,大同方特欢乐世界,4 A,0,,262,山西·大同·南郊区,"113.376424,40.068704",神奇的梦幻乐园，给您震撼的玩乐体验,False,山西省大同市平城区南环路南侧3666号
山西,洪洞大槐树,5 A,5,,210,山西·临汾·洪洞县,"111.681287,36.275181",问我祖先在何处，山西洪洞大槐树,False,山西省临汾市洪洞县古槐北路公园街002号
山西,东湖醋园,4 A,3.5,,204,山西·太原·杏花岭区,"112.60167,37.884731",展示传统与现代老陈醋生产工艺流程,False,山西省太原市杏花岭区马道坡街26号
山西,太原动物园,4 A,3.5,,190,山西·太原·杏花岭区,"112.574241,37.908122",拥有150多种动物，共两千余只,False,山西省太原市杏花岭区东马路2号
山西,悬空寺,4 A,4.3,,176,山西·大同·浑源县,"113.723762,39.667706",蜃楼疑海上，鸟道没云中,False,山西省大同市浑源县东南郊恒山脚下
山西,皇城相府,5 A,5,,168,山西·晋城·阳城县,"112.588586,35.519979",大美皇城，传统中国年,False,山西省晋城市阳城县北留镇皇城村
山西,蒙山大佛,4 A,3.5,,122,山西·太原·晋源区,"112.45355178497,37.783053838338",唐高宗和武则天曾来此礼佛,False,山西省太原市晋源区罗城寺底村
山西,解州关帝庙,4 A,4.1,,120,山西·运城·盐湖区,"110.856919,34.913108",关公文化的发源地和集散地,False,山西省运城市解州镇西关五一路145号
山西,壶关太行八泉峡,5 A,3.5,,110,山西·长治·上党区,"113.567300365,35.9450139565",因形貌营造了冬暖夏凉，清新润适的小气候,False,长治市壶关县桥上乡
山西,雁门关,5 A,3.6,,92,山西·忻州·代县,"112.894892,39.168842",与宁武关、偏关合称为“外三关”,False,山西省忻州代县雁门关景区（二广高速新广武出口8公里）
山西,芦芽山,4 A,3.6,,82,山西·忻州·宁武县,"112.106162,38.822836",洞内景致玲珑剔透，晶莹夺目，雄伟壮丽,False,山西省忻州市宁武县芦芽山游客服务中心
山西,中国煤炭博物馆,4 A,3.5,,82,山西·太原·万柏林区,"112.534922,37.863402",国家 级煤炭行业博物馆,False,山西省太原市万柏林区迎泽西大街2号
山西,恒山,4 A,3.8,,76,山西·大同·浑源县,"113.733277,39.668683",天下道教主流全真派圣地,False,山西省大同市浑源县恒山南路
山西,常家庄园,4 A,3.8,,66,山西·晋中·榆次区,"112.644994,37.549626",制茗于武夷山，拓开万里茶路,False,山西省晋中市榆次区东阳镇车辋村
山西,太行山大峡谷,5 A,5,,56,山西·长治·壶关县,"113.470193,35.948267",奇峰涧壑，林海悬崖，四时之景，巧夺天工,False,山西省壶关县桥上乡
山西,绵山,5 A,3.8,,54,山西·晋中·介休市,"111.955624,36.891096",佛教禅林——中国清明文化的发源地,False,山西省晋中市介休城东南20公里处新地村
山西,永乐宫,4 A,4.7,,46,山西·运城·芮城县,"110.699807,34.723637",以壁画艺术闻名天下，可与敦煌壁画媲美,False,山西省运城市芮城县永乐北街78号
山西,乌金山狂欢谷,4 A,0,,44,山西·晋中·乌金山国家森林公园,"112.795873,37.850463",乌金山狂欢谷主题公园，华北的欢乐谷,False,山西省晋中市榆次区乌金山森林公园
山西,山西通天峡景区,4 A,0,,44,山西·长治·平顺县,"113.605425,36.21218",奇峰林立、巍峨厚重；太极石阵、造化天成,False,山西省长治市平顺县虹梯关乡梯后村通天峡景区
山西,三合牡丹景区,4 A,3.5,,34,山西·临汾·古县,"112.048685,36.222743",这里的牡丹大、多、奇、神,False,山西省临汾市古县石壁乡三合村
山西,尧庙,4 A,4.2,,30,山西·临汾·尧都区,"111.502607,36.057412",你不一定了解的临汾市古村落之尧庙村,False,山西省临汾市尧都区尧庙村
山西,鹳雀楼,4 A,3.9,,30,山西·运城·永济市,"110.277179,34.833102",我国古代四大名楼,False,山西运城永济市蒲州古城西鹳雀楼景区
山西,阎锡山故居,4 A,0,,28,山西·忻州·定襄县,"113.115893,38.595764",反映清末独特的民俗文化和多样的民间艺术,False,山西省忻州市定襄县河边镇1号
山西,日升昌票号,4 A,3.8,,26,山西·晋中·平遥古城子景点,"112.190122,37.21148",被余秋雨称为中国各式银行的“乡下祖父”,False,山西省晋中市平遥县西大街38号
山西,云丘山景区,5 A,0,,20,山西·临汾,"111.042271,35.744339",北云丘、南武当，历史文化积淀博大精深,False,山西省临汾市乡宁县关王庙乡大河村
山西,大同华严寺,4 A,3.6,,18,山西·大同·城区,"113.30328,40.098777",历史之珍品，文物之精华，中华文化之结晶,False,山西省大同市城区下寺坡街14号
山西,华门,4 A,0,,18,山西·临汾·尧都区,"111.494444,36.058351",一座华夏文明纪念碑,False,山西省临汾市尧都区尧庙村华门景区
山西,天脊山,4 A,3.6,,16,山西·长治·平顺县,"113.639249,36.163269",景色赛江南,False,长治市平顺县东寺头乡羊老岩村
山西,藏山风景区,4 A,4.2,,16,山西·阳泉·盂县,"113.375446,38.226884",峻极于天，鸟语花香，飞瀑流泉,False,山西省阳泉市盂县苌池镇藏山村
广东,长隆野生动物世界,5 A,3.7,,8891,广东·广州·广州长隆旅游度假区,"113.321711,23.007944",奇妙的朋友与您共享欢乐时光,False,广州市番禺区大石镇105国道大石段593号
广东,长隆欢乐世界,5 A,0,,3389,广东·广州·广州长隆旅游度假区,"113.33789,23.005235",垂直过山车等挑战你的青春荷尔蒙,False,广东省广州市番禺区长隆旅游度假区内
广东,世界之窗,5 A,0,,2906,广东·深圳·华侨城,"113.979471,22.540136",全球微缩景点，精彩演绎、娱乐项目应有尽有,False,广东省深圳市南山区深南大道9037号
广东,广州塔,4 A,0,,2373,广东·广州·海珠区,"113.330995,23.112229",360度羊城全貌，感受王者之居高临下,False,广东省广州市海珠区阅江西路222号
广东,锦绣中华民俗村,5 A,3.7,,1578,广东·深圳·华侨城,"113.993478,22.538498",深圳小人国——实景微缩景区候选世界纪录,False,广东省深圳市南山区深南大道9003号华侨城锦绣中华苏州街（近华侨城地铁站D出口）
广东,长隆水上乐园,5 A,3.6,,1416,广东·广州·广州长隆旅游度假区,"113.331236,23.005835",全球必去的水上乐园,False,广东省广州市番禺区迎宾路长隆旅游度假区内
广东,西樵山,5 A,4.6,,1312,广东·佛山·南海区,"112.984168,22.932411",几千年的沧桑沉淀凝练了西樵山的独特文化,False,广东省佛山市南海区西樵镇环山大道山南路
广东,宝墨园,4 A,3.6,,1310,广东·广州·番禺区,"113.30069,22.901146",华夏文化浓缩地之一,False,广东省广州市番禺区沙湾镇紫妮村
广东,深圳野生动物园,4 A,0,,1280,广东·深圳·南山区,"113.979114,22.604906",放养式动物园让你和动物们“零距离”,False,广东省深圳市南山区西丽镇西丽路4065号
广东,深圳欢乐谷,5 A,4,,1270,广东·深圳·南山区,"113.987249,22.547732",狂欢无罪，够胆你就来,False,广东省深圳市南山区华侨城侨城街1号
广东,广州长隆旅游度假区,5 A,3.5,,1206,广东·广州·番禺区,"113.322466,23.011606",一站式旅游度假胜地，广东必游景点,False,广东省广州市番禺区番禺大道
广东,广东科学中心,4 A,0,,1200,广东·广州·番禺区,"113.370389,23.045577",感受科技，聆听科技时尚的声音,False,广东省广州市番禺区大学城西六路168号
广东,古龙峡玻璃大峡谷,4 A,0,,1076,广东·清远·清新区,"112.95541,23.77049",集合玻璃平台、栈道、索桥为的观光玻璃组合,False,广东省清远市清新区三坑滩
广东,地王大厦,3A,4.7,,904,广东·深圳·罗湖区,"114.117184,22.548871",南望香港，北瞰深圳,False,广东省深圳市罗湖区深南东路5002号信兴广场商业中心地王大厦69层
广东,外伶仃岛,3A,3.7,,598,广东·珠海·香洲区,"114.045374,22.104382",岛上冬无寒，夏无酷暑，四季如春,False,广东省珠海市万山区担杆镇外伶仃岛
广东,东部华侨城,4 A,3.8,,570,广东·深圳·盐田区,"114.299739,22.623307",深圳唯美、动感的生态主题乐园,False,广东省深圳市盐田区艺海东路东部华侨城
广东,广州动物园,4 A,3.7,,568,广东·广州·越秀区,"113.309834,23.148899",我国三大城市动物园之一,False,广东省广州市越秀区先烈中路120号
广东,古龙峡漂流,4 A,3.8,,528,广东·清远·清新区,"112.967888,23.781724",广东漂流看清远，清远漂流看古龙,False,广东省清远市清新县三坑滩
广东,青青世界,4 A,3.6,,504,广东·深圳·南山区,"113.907231,22.505563",融入大自然、体会田园之乐,False,广东省深圳市南山区月亮湾青青街1号
广东,隐贤山庄,4 A,3.5,,502,广东·东莞·东莞市,"114.033084,22.983256",心目中的世外桃源,False,广东省东莞市常平镇隐贤山庄大道8号
广东,闸坡大角湾,5 A,4.5,,472,广东·阳江·江城区,"111.85393,21.576301",阳光灿烂，沙质均匀松软，海水清澈纯净,False,广东省阳江市江城区迎宾路闸坡镇海滨路38号
广东,东莞龙凤山庄影视渡假村,4 A,0,,458,广东·东莞·东莞市,"114.202316,22.718831",甜蜜浪漫，梦幻伊甸园,False,广东省东莞市凤岗镇官井头大龙管理区龙凤山庄路
广东,长鹿旅游休博园,5 A,3.6,,406,广东·佛山·顺德区,"113.294206,22.883542",体验岭南历史文化，感受农家生活情趣,False,广东省佛山市顺德区伦教三洲建设东路8号
广东,增城白水寨风景名胜区,4 A,3.6,,274,广东·广州·增城,"113.770364,23.586481",北回归线上的瑰丽翡翠,False,广东省广州市增城市派潭镇白水寨风景名胜区
广东,深圳仙湖植物园,4 A,3.5,,260,广东·深圳·罗湖区,"114.177118,22.581558",以科研、科普、旅游为一体的著名植物园,False,广东省深圳罗湖区莲塘仙湖路160号
广东,南风古灶旅游区,4 A,0,,254,广东·佛山·禅城区,"113.083642,23.011112",载入世界吉尼斯记录，被誉为“活的文物”,False,佛山市禅城区石湾镇高庙路6号南风古灶景区
广东,天露山旅游度假区,4 A,0,,244,广东·云浮·新兴县,"112.229517,22.49493",山势巍峨，云雾缭绕，怪石遍布，奇景众多,False,广东省云浮市新兴县
广东,古龙峡古龙九瀑,4 A,0,,226,广东·清远·清新区,"112.95541,23.77049",佳木葱茏、竹海清幽、湖瀑川连,False,广东省清远市清新区三坑滩
广东,肇庆七星岩,4 A,0,,222,广东·肇庆·星湖旅游景区,"112.483486,23.084494",湖中有山，山中有洞，洞中有河,False,广东省肇庆市端州区迎宾大道七星岩旅游度假区内
广东,茂名森林公园,4 A,3.6,,206,广东·茂名·茂南区,"110.830563,21.633392",以森林为主，兼种新、奇、特南亚热带植被,False,广东省茂名市茂南区茂名森林公园
广东,东莞观音山旅游风景区,4 A,3.8,,200,广东·东莞·东莞市,"114.103413,22.911516",南天圣地，百粤秘境,False,广东省东莞市樟木头镇石新区笔架山大道1号
广东,茂名潜梦岛海洋王国（原放鸡岛）,4 A,4.2,,186,广东·茂名·电白县,"111.193013,21.384367",石奇、礁美、滩佳、鱼丰、林绿、鸟多,False,广东省茂名市电白县博贺镇翠湖路放鸡岛
广东,连州地下河,5 A,3.8,,178,广东·清远·连州市,"112.308648,24.995093",洞中石笋、石柱、石花、石幔，诡谲奇特,False,广东省清远连州市东陂镇大洞村
广东,圆明新园,4 A,4.7,,176,广东·珠海·香洲区,"113.544454,22.246264",原尺寸仿建北京圆明园,False,广东省珠海市香洲区兰埔路九州大道西
广东,黄腾峡漂流,4 A,3.7,,176,广东·清远·清城区,"113.101769,23.769374",到“小九寨”体验“漂流之王”,False,广东省清远市清城区东城街石板村黄腾峡
广西,涠洲岛,4 A,4.6,,3302,广西·北海·海城区,"109.124525,21.048067",秀美的火山岛，感受渔家风情,False,广西省北海市南北部湾海域
广西,月亮山,3A,4,,1380,广西·桂林·阳朔县,"110.483296,24.727788",惟妙惟肖的天生景观，世界唯有此处,False,广西壮族自治区桂林市阳朔县叠翠路35号
广西,芦笛岩,4 A,3.8,,1188,广西·桂林·秀峰区,"110.279143,25.316464",大自然艺术之宫，接待300位国宾的溶洞,False,广西壮族自治区桂林市秀峰区芦笛路1号
广西,银子岩,4 A,3.9,,1182,广西·桂林·荔浦县,"110.446061,24.647843",桂林旅游圈新出现的一颗璀璨明珠,False,广西壮族自治区桂林市荔浦县马岭镇小青山银子岩景区
广西,北海海底世界,4 A,3.8,,1144,广西·北海·海城区,"109.133959,21.492881",畅游蓝色海洋之谜，欣赏人鱼共舞,False,广西壮族自治区北海市银海区茶亭路27号海滨公园内
广西,德天跨国瀑布,5 A,5,,906,广西·崇左·大新县,"106.73464,22.858947",天然跨国瀑布，中国六大著名瀑布之一,False,广西壮族自治区崇左市大新县硕龙镇陇宏村德天跨国瀑布景区
广西,象山景区,5 A,3.5,,852,广西·桂林·象山区,"110.302339,25.274549",桂林城徽，绝美赏月地领略三月争辉奇景,False,广西壮族自治区桂林市民主路52号
广西,漓江,5 A,5,,706,广西·桂林·灵川县,"110.438282,25.153169",分明看见青山顶，船在青山顶上行,False,广西壮族自治区桂林市阳朔县
广西,程阳八寨景区,4 A,3.5,,668,广西·柳州·三江县,"109.647018,25.901019",别具一格的建筑技艺和雄伟风姿而闻名于世,False,广西省柳州市三江侗族自治县林溪乡程阳八寨
广西,黄姚古镇,4 A,5,,634,广西·贺州·昭平县,"111.209664,24.254288",诗境家园，电影《面纱》拍摄地,False,广西壮族自治区贺州市昭平县
广西,阳朔世外桃源景区,4 A,3.5,,566,广西·桂林·阳朔县,"110.399611,24.868427",远方群山，村树含烟，阡陌纵横，屋宇错落,False,广西壮族自治区桂林市阳朔县白沙镇五里店桂阳公路
广西,通灵大峡谷,4 A,5,,540,广西·百色·靖西县,"106.658248,23.029389",巨型钟乳石高崖倒悬，古树老藤遮天蔽日,False,广西壮族自治区百色市靖西县湖润镇新灵村
广西,姑婆山,4 A,3.9,,504,广西·贺州·八步区,"111.56721,24.622001",大自然的森林氧吧,False,广西壮族自治区贺州市八步区姑婆山大道姑婆山国家森林公园
广西,桂林两江四湖景区,5 A,3.5,,470,广西·桂林·秀峰区,"110.298547,25.257801",重现唐宋时尚的环游桂林线路，轻悠旅程时光,False,广西壮族自治区桂林市秀峰区滨江路12号
广西,龙脊梯田,4 A,3.9,,460,广西·桂林·龙胜县,"110.078836,25.731802",中国秀美梯田，脱离城市去触摸自然,False,广西壮族自治区桂林市龙胜县东南部和平乡境内
广西,北海金海湾红树林,4 A,0,,456,广西·北海·银海区,"109.215372,21.426977",摸螺、捉蟹、挖沙虫，跟渔民一起赶海去,False,广西省北海市银海区区东南方约15公里处
广西,独秀峰王城景区,5 A,3.6,,408,广西·桂林·秀峰区,"110.305678,25.289462",明代王府清朝贡院所在地，阅尽王城知桂林,False,广西壮族自治区桂林市秀峰区王城路1号
广西,青秀山旅游区,5 A,4.1,,402,广西·南宁·青秀区,"108.395117,22.79308",被誉为“南宁市的巨肺”,False,广西壮族自治区南宁市青秀区青山路19号
广西,南宁海底世界,4 A,0,,274,广西·南宁·兴宁区,"108.339179,22.832756",不一样的地方，不一样的海底世界,False,广西省南宁市兴宁区民主路6-8号人民公园后门
广西,桂平西山,4 A,5,,206,广西·贵港·桂平市,"110.061746,23.405959",清泉甘洌，怪石嶙峋， 石径曲幽,False,广西壮族自治区贵港市桂平县境内
广西,巴马水晶宫,4 A,3.6,,190,广西·河池·巴马县,"107.017951,24.309773",国内罕见的珍稀溶洞，极具观赏、研究价值,False,广西壮族自治区河池巴马瑶族自治县大洛村巴马水晶宫
广西,北海海洋之窗,4 A,3.9,,184,广西·北海·银海区,"109.1289,21.450158",梦幻海洋之旅，这回可以说走就走了哇,False,广西壮族自治区北海市银海区四川南路中段
广西,九曲湾温泉度假村,4 A,0,,172,广西·南宁·兴宁区,"108.419402,22.8836",具有浓郁民族风情和地方特色的温泉生态旅游,False,广西壮族自治区南宁市兴宁区昆仑大道温星路9号
广西,柳州三江县丹洲古镇景区,4 A,0,,168,广西·柳州·三江县,"109.452275,25.378445",一座文化底蕴深厚的岛上古县城,False,广西柳州市三江县丹洲镇丹洲村
广西,南宁大明山,4 A,4.1,,162,广西·南宁·武鸣县,"108.340846,23.52482",山高坡陡，沟谷幽深，溪流纵横，林木茂盛,False,广西壮族自治区南宁市武鸣县两江镇明山路1号
广西,嘉和城温泉谷,4 A,3.6,,160,广西·南宁·兴宁区,"108.460689,22.907205",设施齐全，交通便利，市民休闲度假好去处,False,广西省南宁市兴宁区昆仑大道995号嘉和城内
广西,荔江湾,4 A,3.5,,152,广西·桂林·荔浦县,"110.339791,24.446603",水中水，山中山，桂林山水大河湾,False,广西省桂林市荔浦县青山镇
广西,百里柳江旅游景区,4 A,0,,138,广西·柳州·鱼峰区,"109.424275,24.312569",体验水上公交，爱上柳州,False,柳州市市区流域
新疆,天山天池,5 A,5,,308,新疆·昌吉·阜康市,"88.139294,43.894016",湖畔森林茂密，绿草如茵,False,新疆维吾尔自治区昌吉回族自治州阜康市
新疆,天山大峡谷,5 A,0,,174,新疆·乌鲁木齐·乌鲁木齐县,"87.382244,43.437359",丝绸之路上的瑰宝，游牧文化的活博物馆,False,新疆乌鲁木齐市乌鲁木齐县板房沟乡灯草沟村
新疆,火焰山景区,4 A,4.2,,140,新疆·吐鲁番·吐鲁番市,"89.536075,42.951144",气温居高不下，真是名副其实的火焰山,False,新疆省吐鲁番地区吐鲁番市高昌路51号
新疆,乌尔禾魔鬼城,5 A,5,,56,新疆·克拉玛依·克拉玛依区,"85.743286,46.142001",瑰丽雅丹·天造之城-世界魔鬼城,False,新疆克拉玛依市东北部乌尔禾区境内
新疆,霍城县解忧公主薫衣草园,4 A,0,,24,新疆·伊犁·霍城县,"80.762678,44.175632",薰衣草主题观光园区,False,新疆维吾尔自治区伊犁市霍城县
新疆,喀纳斯景区,5 A,5,,24,新疆·阿勒泰·布尔津县,"87.137009,48.513095",【注意】水怪出没！快来一探究竟吧,False,新疆阿勒泰布尔津县环城南西路3号
新疆,罗布人村寨,4 A,3.6,,22,新疆·巴音郭楞·库尔勒市,"86.121885,41.06401",涉沙海深处，看大漠风光，听驼铃遗韵,False,新疆库尔勒巴音西路林业局53号
新疆,葡萄沟,5 A,5,,20,新疆·吐鲁番·吐鲁番市,"89.230653,42.976208",去新疆必游之地,False,新疆省吐鲁番市东北10公里的火焰山中
新疆,霍尔果斯国门景区,4 A,4.4,,16,新疆·伊犁·霍城县,"80.412632,44.21812",中哈（中国-哈萨克斯坦）两国一类边境口岸,False,新疆维吾尔自治区伊犁哈萨克自治州霍城县
新疆,天山野生动物园,3A,0,,16,新疆·乌鲁木齐·达坂城区,"87.7977,43.674541",是拟建中的博格达南麓自然保护区的一部分,False,新疆维吾尔自治区乌鲁木齐市达坂城区
新疆,那拉提旅游风景区,5 A,5,,14,新疆·伊犁·新源县,"84.036179,43.319138",“塞外江南”给你群山俊秀，绿草如茵的美景,False,新疆维吾尔自治区伊犁哈萨克自治州新源县
新疆,博斯腾湖南岸景区,4 A,0,,4,新疆·巴音郭楞·博斯腾湖,"86.579773,41.766496",中国西海，我国大型内陆淡水湖,False,新疆维吾尔自治区巴音郭楞蒙古自治州博湖县
新疆,五彩湾古海温泉,3A,0,,4,新疆·昌吉·五彩湾,"88.832432,44.767572",古海温泉，让你的思绪遐想到遥远亘古的年代,False,新疆省昌吉回族自治州吉木萨尔县五彩湾古海温泉旅游度假区
新疆,五堡魔鬼城,3A,3.6,,2,新疆·哈密·哈密市,"92.778524,42.853215",景观形态各异，陡壁悬崖令人眼花缭乱,False,新疆哈密地区哈密市五堡乡支边农场
新疆,温宿大峡谷,3A,0,,95,新疆·阿克苏地区·温宿县,"80.659754,41.587275",一个新近发现、还未正式开发的大峡谷,False,新疆阿克苏市温宿县境内天山山脉中段南麓前山区博孜敦柯尔克孜民族乡境内
新疆,刀郎部落,3A,0,,48,新疆·阿克苏地区·阿瓦提县,"80.249871,40.768365",全面展现多浪人的生活民俗,False,新疆维吾尔自治区阿克苏地区阿瓦提县玉满闸口胡杨林区
新疆,巴楚县红海湾景区,3A,0,,46,新疆·喀什·巴楚县,"78.547861378405,39.814291873355",叶尔羌河灌区的一处风景秀丽的水上景点,False,新疆维吾尔自治区喀什地区巴楚县
新疆,喀什噶尔老城,5 A,0,,91,新疆·喀什·喀什市,"75.999654,39.483287",著名的艾提尕尔清真寺与它隔街相望,False,新疆维吾尔自治区喀什地区喀什市亚瓦格路
新疆,夏塔景区,4 A,0,,56,新疆·伊犁·昭苏县,"80.594579,42.674563",一处富有传奇色彩的旅游胜地,False,新疆伊犁哈萨克自治州昭苏县
新疆,惠远古城,4 A,3.7,,39,新疆·伊犁·霍城县,"80.918988,43.995421",央布拉克民俗旅游区的民间的艺术,False,新疆伊犁市霍城县伊犁河北岸
新疆,丝绸之路国际度假区,4 A,0,,67,新疆·乌鲁木齐·乌鲁木齐县,"87.423374,43.451814",新疆丝绸之路国际度假区简介新疆丝绸之路国际度假区坐落于天山山脉，位于乌鲁木齐城南38公里处的国家森林公园、国家首批运动休,False,乌鲁木齐市乌鲁木齐县水西沟镇丝绸之路国际度假区
江苏,瘦西湖,5,5,,6005,江苏·扬州·邗江区,"119.430517,32.419989",湖上园林的典型代表,False,江苏省扬州市维扬区长春路118号
江苏,南京总统府,4,4,,5920,江苏·南京·玄武区,"118.803688,32.049877",了解中国近代史，切记勿忘国耻,False,江苏省南京市玄武区长江路292号
江苏,拙政园,5,5,,4444,江苏·苏州·平江区,"120.635191,31.330583",庭院错落，花木为胜，天下园林之典范,False,江苏省苏州市平江区东北街178号
江苏,牛首山文化旅游区,4,0,,4276,江苏·南京·江宁区,"118.751653,31.918951",佛教牛头禅的发祥地,False,江苏省南京市江宁区宁丹大道18号
江苏,中华恐龙园,5,3.7,,3293,江苏·常州·环球恐龙城,"120.007837,31.83031",穿越“东方侏罗纪” | 带娃一起去冒险,False,常州市新北区环球恐龙城河海东路60号
江苏,灵山大佛,5,5,,3188,江苏·无锡·灵山胜境,"120.102895,31.436399",观释迦牟尼佛青铜立像，赏佛教胜景,False,江苏省无锡市滨湖区灵山路1号
江苏,寒山寺,4,4.4,,2904,江苏·苏州·金阊区,"120.574213,31.316189",姑苏城外寒山寺，夜半钟声到客船,False,江苏省苏州市金阊区寒山寺弄24号
江苏,灵山小镇拈花湾,5,0,,2775,江苏·无锡·滨湖区,"120.079209,31.419262",东方禅意度假地 “小京都” 感受唐风建筑,False,江苏省无锡市滨湖区马山环山西路
江苏,钟山风景区,4,3.8,,1902,江苏·南京·玄武区,"118.861055,32.070422",伟大的民主革命先行者孙中山先生的陵寝,False,江苏省南京市玄武区石象路7号
江苏,狮子林,4,4.5,,1786,江苏·苏州·平江区,"120.635345,31.327256",苏州园林中代表元朝艺术风格的私家园林,False,江苏省苏州市平江区园林路23号
江苏,连岛,4,4.5,,1558,江苏·连云港·连云区,"119.458608,34.775286",避暑纳凉，踏浪休闲的胜地,False,江苏省连云港市连云区连岛镇连岛街道
江苏,镇江金山,5,0,,1438,江苏·镇江·润州区,"119.422532,32.225542",法海岂能懂爱，白娘娘大发雌威之地,False,江苏省镇江市润州区金山路62号
江苏,留园,5,3.9,,1408,江苏·苏州·金阊区,"120.598937,31.321719",苏州园林中代表清朝艺术风格的私家园林,False,江苏省苏州金阊区阊门外留园路338号
江苏,鼋头渚,5,4.7,,1398,江苏·无锡·滨湖区,"120.233458,31.529306",太湖佳绝处，毕竟在鼋头,False,江苏省无锡市滨湖区鼋头渚1号
江苏,周庄,5,4.5,,1376,江苏·苏州·昆山市,"120.854425,31.120241",“中国第一水乡” | 乌篷小船粉墙瓦黛,False,江苏省苏州市昆山周庄全福路43号
江苏,焦山,5,4.7,,1304,江苏·镇江·京口区,"119.491862,32.243623",京口三山之一，被誉为书法之山,False,江苏省镇江市东吴路焦山公园
江苏,中山陵,5,5,,1302,江苏·南京·钟山风景区,"118.860335,32.063934",建筑名家之杰作，有着极高的艺术价值,False,江苏省南京市玄武区石象路7号
江苏,同里古镇,5,4,,1222,江苏·苏州·吴江区,"120.725441,31.163773",《亲爱的》爆甜取景地 | 好吃好玩好拍,False,江苏省苏州市吴江市同里镇
江苏,三国城,5,3.7,,1210,江苏·无锡·滨湖区,"120.239237,31.481725",品味东吴音韵，观看金戈铁马,False,江苏省无锡市山水城旅游度假区三国城
江苏,虎丘,5,4,,1162,江苏·苏州·金阊区,"120.587069,31.341637",中国比萨斜塔，吴中第一名胜,False,江苏省苏州市金阊区山塘街虎丘山门内8号
江苏,大明寺,4,3.8,,1094,江苏·扬州·维扬区,"119.419311,32.425243",历史文化内涵十分丰富的民族文化宝藏,False,江苏省扬州市邗江区平山堂东路1号
江苏,灵山胜境,5,0,,1028,江苏·无锡·滨湖区,"120.107115,31.433007",一处独具特色的佛教文化主题园区,False,江苏省无锡市滨湖区灵山路1号
江苏,何园,4,4.1,,1024,江苏·扬州·广陵区,"119.455447,32.39141",晚清名园，扬州园林的代表,False,江苏省扬州市广陵区徐凝门大街66号　
江苏,明孝陵,5,4.3,,994,江苏·南京·钟山风景区,"118.84258,32.056109",朱元璋和马皇后合葬于此,False,江苏省南京市玄武区紫金山南麓独龙阜玩珠峰下
江苏,淹城野生动物世界,5,0,,924,江苏·常州·武进区,"119.933991,31.704617",可以自驾游览的野生动物园,False,江苏省常州市武进区武宣中路588号
江苏,南京博物院,4,3.5,,886,江苏·南京·玄武区,"118.83165,32.046772","六朝古都多少事,尽在博物馆藏中",False,江苏省南京市玄武区中山东路321号
江苏,个园,4,4.4,,834,江苏·扬州·广陵区,"119.450276,32.404901",聆听石头与竹子的低语,False,江苏省扬州市广陵区盐阜东路10号
江苏,重元寺,4,0,,834,江苏·苏州·工业园区,"120.788608,31.412087",表现出水天佛国的江东观音道场特色,False,江苏省苏州市工业园区唯亭镇阳澄半岛
江苏,苏州太湖国家湿地公园,4,0,,522,江苏·苏州·高新区,"120.367492,31.326106",自然风光水上田园，休闲旅游新地标,False,江苏省苏州市高新区太湖大道镇湖绣品街到底
江苏,狼山,4,4.6,,482,江苏·南通·崇川区,"120.895072,31.955658",上香祈福很灵验,False,江苏省南通市崇川区狼山镇临港路18号
江苏,南山竹海,5 A,4.4,,482,江苏·常州·天目湖,"119.539659,31.181493",绿屏竹海尽情吸氧 | 打卡网红小火车,False,江苏省常州溧阳市横涧镇李家园下场园10号
江苏,宜兴竹海,4,3.7,,476,江苏·无锡·宜兴市,"119.714376,31.177184",太湖的源头之一，有“华东竹海”之称,False,江苏省无锡宜兴市湖滏镇竹海村
江苏,溱湖国家湿地公园,5,5,,434,江苏·泰州·姜堰市,"120.09753,32.630055",溱湖观赏湿地公园，品尝美味溱湖簖蟹,False,江苏省泰州市姜堰市溱潼镇
江苏,穹窿山景区,5,3.5,,430,江苏·苏州·吴中区,"120.429476,31.26785",《孙子兵法》诞生地，乾隆祈福地一览众山小,False,江苏省苏州市吴中区穹窿山风景区
江苏,七里山塘,5,3.7,,430,江苏·苏州·金阊区,"120.609739,31.322922",大红灯笼高高挂，小桥流水遍地美食,False,江苏省苏州市金阊区广济路218号
江苏,花果山,5,5,,428,江苏·连云港·连云区,"119.278096,34.648745",大圣故里，神话仙境,False,江苏省连云港市新浦区郁林路5号
江苏,嬉戏谷,4,0,,374,江苏·常州·武进区,"120.055595,31.507177",注重数字化互动体验，回到逝去的童年,False,江苏省常州市武进区太湖湾嬉戏谷大道1号
江苏,南京阅江楼,4 A,3.9,,360,江苏·南京·下关区,"118.75312,32.099764",狮子山巅凭栏阅江，品六百年传奇之楼,False,江苏省南京市下关区建宁路202号
江苏,李中水上森林公园,4 A,3.6,,340,江苏·泰州·兴化市,"119.739703,33.035712",都市人回归自然休闲的好去处,False,江苏省泰州市兴化市李中镇苏宋村
江苏,沙家浜,5,3.6,,334,江苏·苏州·常熟市,"120.807985,31.559447",穿越历史的气质美,False,江苏省苏州市常熟市阳澄湖畔
江苏,尚湖,5,3.6,,322,江苏·苏州·常熟市,"120.692746,31.649622",自然风光与江南古城相融合，吸氧踏青好去处,False,江苏省苏州常熟尚湖风景区
江苏,蠡园,4 A,4.4,,306,江苏·无锡·滨湖区,"120.266196,31.523255",范蠡西施幽会的地方,False,江苏省无锡市滨湖区环湖路青祁村70号
江苏,夫子庙,5,4.4,,304,江苏·南京·秦淮区,"118.795398,32.026977",一条长江路，半部民国史,False,江苏省南京市秦淮区龙蟠中路夫子庙
江苏,句容茅山景区,5,4.2,,280,江苏·镇江·句容市,"119.323175,31.786851",道家福地，“第八洞天”,False,江苏省镇江市句容市茅山风景区
江苏,网师园,4,3.8,,276,江苏·苏州·沧浪区,"120.64023,31.303679",苏州园林中的中型古典山水宅园代表作品,False,江苏省苏州市沧浪区带城桥路带城桥路阔家头巷11号
江苏,汉陵苑,3A,3.6,,264,江苏·扬州·维扬区,"119.437001,32.429993",一座融文物与园林为一体的陵园式博物馆,False,江苏省扬州市维扬区平山堂东路98号
江苏,善卷洞,4 A,3.7,,262,江苏·无锡·宜兴市,"119.680087,31.303594",是著名石灰岩溶洞，宜兴“三奇”之首,False,江苏省无锡宜兴市张渚镇川善线善卷洞
江苏,外秦淮河游船,3A,0,,252,江苏·南京·鼓楼区,"118.792055,32.017077",当一回南京人，看南京人看的风景,False,扫帚巷游船码头（中华门外，长干桥边）
江苏,北固山,5 A,5,,250,江苏·镇江·京口区,"119.463648,32.222068",游人寻访三国遗迹的向往之地,False,江苏省镇江市东吴路3号
江苏,苏州上方山国家森林公园,3A,0,,230,江苏·苏州·虎丘区,"120.591752,31.255387",以吴越遗迹和江南水乡风光取胜的天然公园,False,江苏省苏州市虎丘区横越路47号
江西,景德镇古窑民俗博览区,5 A,0,,1180,江西·景德镇·昌江区,"117.190701,29.28948",探索中国千年陶瓷文化的脉络,False,江西省景德镇市昌江区瓷都大道古窑路1号
江西,武功山,5 A,5,,1150,江西·萍乡·芦溪县,"114.162743,27.471336",高山草甸，初见惊艳，再见依然！,False,江西省萍乡市芦溪县
江西,庐山风景名胜区,5 A,5,,956,江西·九江·庐山市,"116.001261,29.561078",匡庐奇秀甲天下,False,江西省九江市庐山区
江西,三清山,5 A,4.3,,680,江西·上饶·玉山县,"118.075981,28.915377",人间四月芳菲尽 三清杜鹃始盛开,False,江西省上饶市玉山县
江西,龙虎山,5 A,3.5,,610,江西·鹰潭,"116.999461,28.090447",神秘的古越族文明，体验绝美的自然风光,False,江西省鹰潭市西南20公里处贵溪市境内
江西,滕王阁,5 A,5,,582,江西·南昌·东湖区,"115.888564,28.686101",落霞与孤鹜齐飞，秋水共长天一色,False,江西省南昌市东湖区仿古街58号
江西,婺源篁岭,4 A,0,,504,江西·上饶·婺源县,"118.127595,29.339174",自游行的绝佳选择,False,江西省上饶市婺源县江湾镇篁岭村
江西,葛仙山,4 A,3.5,,422,江西·上饶·铅山县,"117.7123,28.064453",葛仙山历史悠久，蜚声遐迩,False,江西省上饶市铅山县杨林乡
江西,婺源风景区,5 A,5,,406,江西·上饶·婺源县,"117.861924,29.247904",中国绝美乡村，开始你的文艺之旅,False,江西省上饶市婺源县文公北路
江西,明月山,5 A,5,,230,江西·宜春·袁州区,"114.299102,27.60543",嫦娥的故乡，传说是当年嫦娥奔月的地方,False,江西省宜春市袁州区温汤镇
江西,浮梁古县衙,4 A,3.8,,174,江西·景德镇·浮梁县,"117.257663,29.373252",我国江南保存完整的清代县级衙暑,False,江西省景德镇浮梁县浮梁古县衙景区
江西,明月山天沐温泉,4 A,3.5,,170,江西·宜春·袁州区,"114.288588,27.698216",高温度优质矿泉，可饮可浴，口感纯正,False,江西省宜春市袁州区温汤镇温泉路17号
江西,大觉山,5 A,3.7,,32,江西·抚州·资溪县,"117.150848,27.702614",山峦叠嶂，连绵起伏，沟谷纵横，风光旖旎,False,江西省抚州市资溪县建设路60号
江西,虔心小镇,4 A,0,,28,江西·赣州·龙南县,"114.842788,24.756436",旅游风情小镇 康养小镇,False,江西省赣州市龙南县临塘乡东坑村
江西,羊狮慕风景区,4 A,0,,28,江西·吉安·安福县,"114.231915,27.601251",悠悠万古，青山不老,False,江西省吉安市泰山乡羊狮慕风景区
江西,思溪延村,4 A,4,,26,江西·上饶·婺源风景区,"117.809973,29.345107",村落背山面水，嵌于锦峰绣岭之中,False,江西省上饶市婺源县思口镇思溪延村
江西,江湾,5 A,4.5,,24,江西·上饶·婺源风景区,"118.058037,29.373708",千年古镇江湾，钟灵毓秀，文风炽盛,False,江西省上饶市婺源县江湾镇
江西,江西直升机科技馆,4 A,0,,24,江西·景德镇,"117.181079,29.271429",虚拟现实手段带你体验直升机的刺激,False,江西省景德镇市高新区直航路1号
江西,三百山国家森林公园,4 A,3.8,,24,江西·赣州·安远县,"115.46249,25.015396",中山逶迤、重峦叠嶂、危崖奇石、峰奇石异,False,江西省赣州市安远县三百山镇
江西,瑶里,4 A,4.9,,162,江西·景德镇·浮梁县,"117.588075,29.547307",比景德镇更老的瓷都,False,江西省景德镇市浮梁县087县道瑶里风景区
江西,明月千古情,4 A,0,,156,江西·宜春·袁州区,"114.291853,27.68778",明月千古情景区位于江西宜春明月山温泉风景名胜区，这里凝聚了月亮文化、红色文化、禅宗文化、青瓷文化、温泉文化。上万平方米全,False,江西省宜春市温汤镇千古情大道
江西,井冈山,5 A,5,,110,江西·吉安·井冈山市,"114.172394,26.576456",红根已深植，今日正繁荣,False,江西省吉安井冈山市茨坪镇
江西,安义古村,4 A,3.5,,104,江西·南昌·安义县,"115.612762,28.754027",千百年来，古村曾盛极一时，也曾盛极而衰,False,江西省南昌市安义县石彼镇罗田村
江西,李坑,4 A,4.3,,102,江西·上饶·婺源风景区,"117.936953,29.328547",一幅小桥、流水、人家的美丽画卷,False,江西省上饶市婺源县秋口镇李坑村
江西,南武当景区,4 A,0,,94,江西·赣州·龙南县,"114.720841,24.615032",素有江西南大门之称。,False,江西省赣州市龙南县武当镇
江西,凤凰沟,4 A,0,,62,江西·南昌·南昌县,"116.018207,28.374381",有沟有水，风光秀美、充满灵气,False,江西省南昌市南昌县黄马乡凤凰沟（自驾320国道修路，到银三角上桥，然后从昌南上高速，往上海方向走一段高速，从黄马下）
江西,仙凤三宝,4 A,0,,62,江西·萍乡·芦溪县,"114.179158,27.722726",走进萍乡的“马尔代夫”,False,江西萍乡市芦溪县宣风镇竹垣村
江西,龟峰风景名胜区,5 A,3.6,,60,江西·上饶·弋阳县,"117.4075,28.323867",象形独秀，奇峦如画，钟灵毓秀，壁立万壑,False,江西省上饶市弋阳县方志敏大道
江西,通天岩,4 A,5,,48,江西·赣州·章贡区,"114.912057,25.92501",情苑内绿草茵茵是人们休闲寻趣的好地方,False,江西省赣州市章贡区水西镇黄沙村
江西,孽龙洞,4 A,0,,48,江西·萍乡·上栗县,"113.8745685967,27.776723966068",尤以“洞天飞瀑”蔚为壮观,False,江西省萍乡市上栗县
江西,柘林湖,5 A,3.6,,46,江西·九江·庐山西海风景名胜区,"115.479414,29.200984",抖音网红胜地,False,江西省九江市永修县柘林湖
江西,望仙谷,4 A,0,,46,江西·上饶,"117.825577,28.685889",望仙谷景区位于江西省上饶市广信区望仙乡，是国家AAAA级景区，属灵山山脉，就在灵山七十二峰圆顶峰的脚下。山谷悠远清幽、溪,False,上饶市广信区望仙乡
江西,鄱阳湖国家湿地公园,4 A,0,,38,江西·上饶·鄱阳,"116.687407,29.13607",白鹤的天堂，候鸟的故乡,False,江西省上饶市鄱阳县鄱阳湖景区
江西,天香园,4 A,3.6,,36,江西·南昌·青山湖区,"115.962689,28.659998",树木掩映，绿草如茵，花香满园,False,江西省南昌市青山湖南大道333号
河北,秦皇岛野生动物园,4 A,3.5,,712,河北·秦皇岛·北戴河区,"119.527456,39.873205",近距离感受自然与动物的和谐美,False,河北省秦皇岛市北戴河区滨海大道中段
河北,苍岩山,4 A,3.9,,388,河北·石家庄·井陉县,"114.152012,37.836782",奇峰险崖，挺拔峻秀，林木苍翠，古树葱笼,False,河北省石家庄市井陉县苍岩山镇
河北,避暑山庄,5 A,5,,256,河北·承德·双桥区,"117.940068,41.002781",皇家园林，京郊“小故宫”,False,河北省承德市双桥区丽正门大街20号
河北,鸽子窝公园,4 A,3.9,,254,河北·秦皇岛·北戴河区,"119.533165,39.842702",来这里欣赏“红日浴海”的奇景,False,河北省秦皇岛市北戴河区海滨东北角鸽赤路
河北,碧螺塔海上酒吧公园,4 A,3.5,,250,河北·秦皇岛·北戴河区,"119.54357,39.827324",一个具有百老汇风情的中国式酒吧公园,False,河北省秦皇岛市北戴河区东海滩路中段(近鸽子窝公园)
河北,汉牡丹园景区,3A,3.7,,218,河北·邢台·柏乡县,"114.719221,37.538248",唯有牡丹花数株，忠心不改向君王,False,河北省邢台市柏乡县北郝村
河北,新澳海底世界,4 A,3.6,,212,河北·秦皇岛·海港区,"119.568995,39.912052",一步不走也可以游览的海洋圣地,False,河北省秦皇岛市海港区河滨路81号
河北,白石山世界地质公园,5 A,3.7,,192,河北·保定·涞源县,"114.689055,39.236145",壮观悬空玻璃道，抗日少年英雄山,False,河北省保定市涞源县城南15公里处白石山景区
河北,山叶口景区,4 A,0,,132,河北·唐山·迁安市,"118.533652,39.990007",美丽的田野，一切都是刚刚好的惬意模样,False,河北省唐山迁安市西部大五里乡山叶口村
河北,赵州桥,4 A,4,,118,河北·石家庄·赵县,"114.775583,37.728641",始建隋朝，1400年古代单孔敞肩石拱桥,False,河北省石家庄市赵县
河北,北戴河集发梦想王国,4 A,3.6,,110,河北·秦皇岛·北戴河区,"119.424705,39.826558",cctv少儿频道推荐，亲子必游景点,False,河北省秦皇岛市北戴河海北路中段
河北,娲皇宫,5 A,5,,106,河北·邯郸·涉县,"113.629833,36.649967","女娲氏""炼石补天，抟土造人""的地方",False,河北省邯郸市涉县索堡镇
河北,吴桥杂技大世界,4 A,5,,106,河北·沧州·吴桥县,"116.392857,37.647157",世界杂技看中国，中国杂技在吴桥,False,河北省沧州市吴桥县京福路1号
河北,曲阳虎山风景区,4 A,0,,98,河北·保定·曲阳县,"114.570326,38.937032",观威武虎山之景，走淘金黄金大道,False,河北省保定市曲阳县范家庄乡虎山村
河北,石家庄抱犊寨,4 A,4.4,,90,河北·石家庄·鹿泉市,"114.347321,38.084703",“天下奇寨”、“抱犊福地”恍如世外桃源,False,河北省石家庄市西16公里处的鹿泉市获鹿县城西
河北,狼牙山,4 A,4,,88,河北·保定·易县,"115.18275,39.149357",“狼牙山五壮士“英雄山，著名爱国教育基地,False,河北省保定市易县狼牙山镇东西水村
河北,正定隆兴寺（大佛寺）,4 A,5,,78,河北·石家庄·正定县,"114.588945,38.148799",全国重点文物保护单位,False,河北省石家庄市正定县中山东路109号
河北,满城汉墓,4 A,3.9,,78,河北·保定·满城县,"115.307398,38.955251",西汉中山靖王之墓，100项考古发现之一,False,河北省保定市满城县中山西路
河北,京娘湖,4 A,4.6,,78,河北·邯郸·武安市,"113.960493,36.894683",赵匡胤千里送京娘，山清水秀川谷深幽,False,河北省邯郸武安市京娘湖
河北,野三坡,5 A,5,,74,河北·保定·涞水县,"115.391843,39.674643",北方的小桂林,False,河北省保定市涞水县三坡镇
河北,岐山湖景区,4 A,0,,72,河北·邢台·临城县,"114.444084,37.467255",会议度假、游乐野钓、戏水的综合性游乐场所,False,河北省邢台市临城县
河北,天河山（中国爱情山）,4 A,3.9,,62,河北·邢台·邢台县,"113.804379,37.093472",中国爱情山，牛郎织女传说原生地,False,河北省邢台市邢台县白岸乡清泉村
河北,清西陵,5 A,4.3,,60,河北·保定·易县,"115.352505,39.355767",是一处典型的清代古建筑群,False,河北省保定市易县县城西15公里处的永宁山下
河北,清东陵,5 A,5,,56,河北·唐山·遵化市,"117.712436,40.136521",众多清朝帝王和皇后的宏伟陵墓建筑群,False,河北省唐山市遵化市西北30公里处
河北,沕沕水,4 A,0,,56,河北·石家庄·平山县,"113.770474,38.208039",春赏山花、夏看瀑布、秋观红叶、冬览冰瀑,False,河北省石家庄市平山县北冶乡沕沕水生态风景区
河北,北响堂山石窟,4 A,4.9,,54,河北·邯郸·峰峰矿区,"114.167592,36.539243",研究北朝建筑难得的实物资料,False,河北省邯郸市峰峰矿区鼓山
河北,九龙峡自然风光旅游区,4 A,0,,50,河北·邢台·邢台县,"113.882782,37.206745",被誉为“燕赵一景”，人间仙境,False,河北省邢台市邢台县浆水镇营房台村
河北,野三坡百里峡,5 A,4.4,,46,河北·保定·野三坡,"115.392307,39.672927",野三坡著名景点,False,河北省保定市涞水县野三坡镇苟各庄村
河北,开滦国家矿山公园,4 A,0,,42,河北·唐山·路北区,"118.205349,39.628836",中国百年工业编年史上具有里程碑意义,False,河北省唐山市路北区新华东道54号
河北,朝阳沟,4 A,4.1,,40,河北·邯郸·武安市,"113.816601,36.923568",山青水秀，地灵人杰，自然景观众多,False,河北省邯郸武安市馆陶县列江村
河北,普陀宗乘之庙,4 A,3.6,,40,河北·承德·双桥区,"117.955153,41.013316",置身三百年皇家别苑，感受三百年福地的吉祥,False,河北省承德市双桥区狮子沟北侧
河北,天梯山,3A,3.6,,36,河北·邢台·邢台县,"114.26138,37.111217",洞连洞，洞套洞，曲折回环，幽深莫测,False,河北省邢台县西黄村镇东牛庄
河北,太行五指山,4 A,0,,34,河北·邯郸·涉县,"113.658153,36.529188",山势巍峨峻秀，植被郁郁葱葱,False,河北省邯郸市涉县河南店镇南庄村
河北,太行水镇,4 A,0,,30,河北·保定·易县,"115.24968,39.293775",漫步太行水镇，感受精美景致,False,河北省保定市易县安格庄乡
河北,周家庄农业特色观光园,3A,0,,28,河北·石家庄,"115.039261,38.028596",晋州文化的闪亮名片,False,河北省石家庄市晋州市G307(歧银线)
河北,普宁寺,4 A,3.7,,26,河北·承德·双桥区,"117.958959,41.022896",宗教文化强大的感染力,False,河北省承德市双桥区普宁路1号
河北,黄金海岸,4 A,3.7,,26,河北·秦皇岛·昌黎县,"119.346162,39.702563",沙丘蜿蜒起伏，沙质松软，色黄如金,False,河北省秦皇岛市昌黎县黄金海岸
河北,鸡鸣山,4 A,3.6,,24,河北·张家口·下花园区,"115.310407,40.480677",多代帝王都曾登临鸡鸣山，观赏北国风光,False,河北省张家口市下花园区鸣山路南
河北,腰山王氏庄园,3A,3.5,,22,河北·保定·顺平县,"115.200273,38.902945",王锡衮故居,False,河北省保定市顺平县腰山镇南腰山村
河北,华峪山庄,3A,0,,22,河北·保定·唐县,"114.836025,38.819512",有千亩石榴采摘园,False,河北省保定市唐县大洋乡大长峪村
河北,中信国安第一城,4 A,5,,20,河北·廊坊·香河县,"116.913678,39.721352",传统文化氛围，造属于老百姓的嘉年华,False,河北省廊坊市香河县安平镇
浙江,普陀山风景区,5 A,5,,3868,浙江·舟山·普陀区,"122.38611,29.98092",人间清净地 | 朝圣看日出,False,浙江省舟山市普陀区
浙江,乌镇,5 A,5,,2978,浙江·嘉兴·桐乡市,"120.494465,30.754749",鱼米之乡，丝绸之府,False,浙江省嘉兴市桐乡市乌镇石佛南路18号
浙江,西溪国家湿地公园,5 A,0,,2678,浙江·杭州·西湖区,"120.074003,30.274637",游《非诚勿扰》拍摄地，感受湿地水乡浪漫,False,浙江省杭州市西湖区天目山路518号
浙江,西湖,5 A,5,,1716,浙江·杭州·西湖区,"120.153384,30.236492",在这里邂逅你的白娘子吧,False,浙江省杭州市西湖区龙井路1号
浙江,杭州乐园,4 A,3.6,,1462,浙江·杭州·萧山区,"120.25205,30.166365",长三角地区新一代综合性主题公园,False,浙江省杭州市萧山区风情大道2555号
浙江,横店影视城,5 A,5,,1032,浙江·金华·东阳市,"120.345446,29.162213",被誉为“中国好莱坞”,False,浙江省金华东阳市横店镇横店影视城
浙江,南浔古镇,5 A,0,,1006,浙江·湖州·南浔区,"120.435533,30.875529",水乡古镇九十九，不如南浔走一走,False,浙江省湖州市南浔区南浔镇人瑞路51号
浙江,杭州野生动物世界,4 A,3.5,,916,浙江·杭州·富阳市,"119.990867,30.153351",网红森林小火车 | 穿梭萌萌动物间,False,浙江省杭州富阳市杭富路九龙大道1号
浙江,莫干山,4 A,4.1,,860,浙江·湖州·德清县,"119.875123,30.61246",《纽约时报》全球最值得去的45个旅行地,False,浙江省湖州市德清县莫干山风景名胜区
浙江,灵隐寺,5 A,0,,854,浙江·杭州,"120.106626,30.241491",江南禅宗“五山”之一,False,浙江省杭州市法云弄1号
浙江,西塘古镇,5 A,4.2,,720,浙江·嘉兴·嘉善县,"120.89521,30.945875",水墨西塘让你感受古镇千年的诗情画意,False,浙江省嘉兴市嘉善县西塘镇
浙江,雅戈尔动物园,4 A,3.6,,702,浙江·宁波·东钱湖,"121.681051,29.810228",野生风情，动物天堂,False,浙江省宁波市鄞州区东钱湖镇梅湖村对面
浙江,神仙居,5 A,3.8,,700,浙江·台州·仙居,"120.617141,28.711378",融险峰、幽谷、秀林、奇瀑于一体,False,浙江省台州市仙居县白塔镇
浙江,千岛湖,5 A,3.9,,588,浙江·杭州·淳安县,"119.027854,29.605088",“天下秀水” | 岛屿星罗棋布,False,浙江省杭州市淳安县梦姑路
浙江,柯岩风景区,4 A,4.1,,516,浙江·绍兴·绍兴县,"120.480302,30.054859",奔跑吧兄弟拍摄地,False,浙江省绍兴市绍兴县柯岩大道558号
浙江,良渚古城遗址公园,4 A,0,,428,浙江·杭州·余杭区,"120.034576,30.383326","良渚古城遗址公园,位于杭州市西北郊良渚、瓶窑两镇，是良渚文化中心遗址，现已发现遗址点135处，保护范围约42平方公里，在",False,浙江省杭州市余杭区凤都路与104国道交叉口西北200米良渚古城遗址公园
浙江,雷峰塔,4 A,3.9,,384,浙江·杭州·西湖,"120.15623,30.237553",法海你不懂爱!雷峰塔会掉下来,False,浙江省杭州市西湖区南山路15号
浙江,中南百草原,4 A,3.7,,360,浙江·湖州·安吉县,"119.6603,30.677605",集动植物园、游乐园于一体的遛娃宝地,False,浙江省湖州市安吉县递铺镇马鞍山村
浙江,宁波方特东方神画,4 A,0,,326,浙江·宁波·慈溪市,"121.189978,30.322746",运用高科技诠释民间传统艺术,False,浙江省宁波市杭州湾新区天宝路188号
浙江,垂云通天河,4 A,3.5,,286,浙江·杭州·桐庐县,"119.538171,29.930643",地下暗河玻璃漂流 | 上天入地玩过瘾,False,浙江省杭州市桐庐县瑶琳镇东琳村杨家
浙江,杭州长乔极地海洋公园,4 A,3.5,,284,浙江·杭州·萧山区,"120.234402,30.149455",清凉海底世界 | 与海豚共眠,False,浙江省杭州市萧山区湘湖路777号
浙江,横店秦王宫,5 A,3.5,,284,浙江·金华·横店影视城,"120.32228,29.138262",电视剧里的皇宫,False,浙江省金华东阳市横店镇万盛南街58号横店影视城
浙江,大奇山国家森林公园,3A,3.5,,266,浙江·杭州·桐庐县,"119.727577,29.775541",桐庐小九寨 | 潭水清澈见底,False,浙江省桐庐县大奇山国家森林公园（大奇山路进口处）
浙江,横店明清宫苑,5 A,0,,256,浙江·金华·横店影视城,"120.309737,29.176594",寻觅甄嬛传，梦回紫禁城,False,浙江省金华市东阳市万盛街42号横店影视城
浙江,象山影视城,4 A,3.5,,228,浙江·宁波·象山县,"121.845195,29.293159",芈月伴你游 （琅琊榜拍摄地）,False,浙江省宁波市象山县新桥镇大塘港生态旅游区
浙江,杭州动物园,5 A,3.5,,210,浙江·杭州·西湖区,"120.139701,30.218842",一座别致的园林式的动物园,False,浙江省杭州市西湖区虎跑路40号
浙江,古堰画乡景区,4 A,3.6,,200,浙江·丽水·莲都区,"119.751846,28.302032",如此美景，恍如置身水墨画中,False,浙江省丽水市莲都区大港头镇
浙江,缙云仙都,5 A,5,,194,浙江·丽水·缙云县,"120.146341,28.696655",笑傲江湖拍摄地,False,浙江省丽水市缙云县城东7公里处
浙江,雪窦山,5 A,3.7,,182,浙江·宁波·溪口风景区,"121.290404,29.687924","让心灵去远行,去雪窦山进行一场禅修之旅吧",False,浙江省宁波奉化市溪口镇武岭西路39-1号
浙江,天一阁博物馆,5 A,3.6,,178,浙江·宁波·海曙区,"121.545361,29.877342",书香圣地，读书人的书房,False,浙江省宁波市海曙区天一街10号
海南,南山文化旅游区,5 A,3.8,,5074,海南·三亚·崖州区,"109.208867,18.296388",108米的海上三面观音，三亚不容错过之旅,False,海南省三亚市崖城镇南山村
海南,蜈支洲岛,5 A,4.3,,4172,海南·三亚·海棠区,"109.770938,18.319925",私人订制主取景地,False,海南省三亚市林旺镇海棠湾蜈支洲岛
海南,西岛,4 A,3.9,,3231,海南·三亚·天涯区,"109.379826,18.239896",海上桃源，动感天堂,False,海南省三亚市三亚湾西岛
海南,亚龙湾热带天堂森林公园,4 A,4,,3030,海南·三亚·吉阳区,"109.659829,18.25797",《非诚勿扰II》《亲爱的，热爱的》取景地,False,海南省三亚市吉阳镇亚龙湾国际旅游度假区
海南,鹿回头风景区,4 A,4,,2829,海南·三亚·吉阳区,"109.490334,18.213506",天南旅行乡，鹿回头爱情的圣地,False,海南省三亚市西南端鹿回头半岛内
海南,天涯海角,4 A,4.5,,2178,海南·三亚·天涯区,"109.36116,18.298477",天之涯海之角，爱就陪Ta到天涯海角,False,海南省三亚市沿海滨西行26公里天涯镇马岭山麓
海南,分界洲岛旅游区,5 A,5,,1234,海南·陵水黎族自治县,"110.206451,18.582197",海水清澈，拥有众多珍稀动植物的“美女岛”,False,海南省三亚市东北部分界洲岛
海南,火山口国家地质公园,4 A,0,,1034,海南·海口·秀英区,"110.225955,19.931249",世界地质公园，万年火山奇观,False,海南省海口市秀英区石山镇
海南,大小洞天,5 A,3.9,,902,海南·三亚·崖州区,"109.186963,18.307148",具备山、海、天一色的道家文化景区,False,海南省三亚市以西四十公里（崖城镇南山村）
海南,海南热带野生动植物园,4 A,3.6,,644,海南·海口·秀英区,"110.253188,19.774941",岛屿型热带雨林动植物大观园,False,海南省海口市秀英区东山镇（海榆中线27公里处）
海南,槟榔谷黎苗文化区,5 A,3.6,,614,海南·保亭黎族苗族自治县,"109.672069,18.403658",一个逃逸世俗的心灵驿站,False,海南省三亚市保亭黎苗族自治县甘什岭自然保护区
海南,观澜湖华谊冯小刚电影公社,4 A,0,,540,海南·海口·龙华区,"110.35488,19.925692",《芳华》拍摄地，以导演个人命名的电影基地,False,海口市龙华区龙昆南路延长线羊山大道19号
海南,南湾猴岛,4 A,5,,472,海南·陵水黎族自治县,"109.990261,18.402754",碧水蓝天，猴趣横生,False,海南省陵水县黎族自治县新村镇南湾半岛
海南,亚龙湾,4 A,5,,456,海南·三亚,"109.654555,18.236153",湛蓝天宇映衬着碧波万顷，景象万千,False,海南省三亚市亚龙湾国家旅游度假区
海南,海南文笔峰盘古文化旅游区,4 A,0,,414,海南·定安,"110.372117,19.558987",私人定制拍摄地，“龙首龟背”的风水宝地,False,海南省定安县龙湖镇丁湖路(即东线高速路41公里龙湖出口西行3公里处)
海南,五指山热带雨林风景区,3A,0,,318,海南·五指山,"109.683474,18.874372",热带山地雨林和热带沟谷雨林的典型景观,False,海南省五指山市水满乡五指山热带雨林风景区
海南,石花水洞,4 A,4,,296,海南·儋州,"109.303563,19.450534",探秘石花信水洞的地质奇观,False,海南省儋州市雅星镇八一总场英岛山
海南,兴隆热带植物园,4 A,0,,286,海南·万宁,"110.205023,18.738658",幽幽果香，清新世界令人流连忘返,False,海南省万宁市兴隆镇南部223国道
海南,雷琼海口火山群世界地质公园,4 A,3.6,,220,海南·海口·秀英区,"110.225955,19.931249","绿色生态的人间美景,回归自然的休闲之地",False,海南省海口市石山镇秀英区142县道
海南,海南百花岭热带雨林文化旅游区,4 A,0,,198,海南·琼中黎族苗族自治县,"109.83813,19.042119",青山伴绿水,False,海南省琼中黎族苗族自治县百花岭风景名胜区
海南,东山岭文化旅游区,4 A,4,,146,海南·万宁,"110.427807,18.808458",奇峰巨壁雄峙南天，幽谷清泉逶迤绵长,False,海南省万宁市万城镇以东2公里处
海南,大东海,4 A,4.5,,140,海南·三亚,"109.531847,18.228007",沙滩、美景、美女，来这里让你大饱眼福,False,海南省三亚旅游区大东海游览区
海南,东坡书院,3A,5,,114,海南·儋州,"109.364016,19.746452",纪念苏居士而建立,False,海南省儋州市中和镇
海南,五公祠,3A,3.9,,88,海南·海口·琼山区,"110.367468,20.012936",品味海南历史文化及中国书法之美,False,海南省海口市琼山区流芳路2号
海南,博鳌亚洲论坛永久会址,4 A,0,,82,海南·琼海,"110.583442,19.150239",博鳌亚洲论坛年会的永久性会址,False,海南省琼海市博鳌镇远洋大道1号东屿岛
海南,三亚骏达车技表演馆,3A,0,,62,海南·三亚·三亚湾,"109.438431,18.30599",极度震撼 颠覆想像 夜游三亚 必看演出,False,海南省三亚市海榆西线凤凰派出所西侧
海南,富力红树湾湿地公园,4 A,0,,40,海南·澄迈,"110.005676,19.89767",大自然互动教室,False,海南西线高速573公里三林出口
海南,假日海滩,4 A,4.4,,36,海南·海口·秀英区,"110.243993,20.042141",旅游者和海口市民休闲度假的去处,False,海南省海口市秀英区滨海西路
湖北,武汉植物园,4 A,3.6,,180,湖北·武汉·洪山区,"114.429279,30.550832",春天里的欧洲花园,False,湖北省武汉市洪山区鲁磨路特1号
湖北,恩施地心谷景区（石门河）,4 A,0,,162,湖北·恩施·建始县,"110.069681,30.650961",集“幽、险、奇、秀、古”于一体,False,湖北省建始县高坪镇
湖北,腾龙洞,5 A,4.8,,148,湖北·恩施·利川市,"108.992579,30.335537",旅游、疗养、探险、地质考察的理想之地,False,恩施土家族苗族自治州利川市腾龙大道1号
湖北,仙岛湖,3A,烫烫烫烫烫烫,,146,湖北·黄石·阳新县,"114.855319,29.801472",没有一丝喧闹，置身其中，回归大自然,False,湖北省黄石市阳新县王英镇
湖北,锦里沟,4 A,0,,烫烫烫烫烫烫,湖北·武汉·黄陂区,"114.238967,31.279625",看樱花桃花次第盛放，感受土苗文化风情,False,湖北省武汉市黄陂区蔡店乡道士冲村
湖北,三峡大坝,5 A,0,,128,湖北·宜昌·三峡大坝旅游区,"111.059428,30.840983",体验乘坐“水上电梯”的感受,False,湖北省宜昌市三峡坝区
湖北,梭布垭石林,4 A,0,,124,湖北·恩施,"109.582529,30.577052",自然景色迷人，植被良好，动物资源丰富,False,湖北省恩施市太阳河乡石林村
湖北,梭布垭,4 A,3.5,,108,湖北·恩施·恩施市,"109.59297735758,30.551009552118","""天然氧吧""、""戴冠石林""",False,恩施市太阳河乡梭布垭村
湖北,三国赤壁古战场,5 A,0,,100,湖北·咸宁·赤壁市,"113.640833,29.883452",穿越三国，感受三国赤壁的战火纷飞,False,湖北省咸宁赤壁市赤壁镇武侯巷6号
湖北,武汉东湖磨山,5 A,3.6,,94,湖北·武汉·武汉东湖风景区,"114.424627,30.556117",千年灵秀地，武侠传奇城,False,湖北省武汉市洪山区磨山景区内。
湖北,三峡大坝旅游区,5 A,5,,90,湖北·宜昌·夷陵区,"111.059414,30.841024",高峡出平湖,False,湖北省宜昌市夷陵区三斗坪镇
湖北,神农顶景区,5 A,5,,76,湖北·神农架,"110.278183,31.454857",森林世界葱郁秀丽，生态旅游的理想胜地,False,湖北省神农架林区神农顶
湖北,西游记公园,4 A,0,,74,湖北·随州·曾都区,"112.873166,31.624662",让你体验海岛风情，畅享水上世界,False,湖北省随州市曾都区大洪山镇温泉村
湖北,荆州博物馆,4 A,4,,72,湖北·荆州·荆州区,"112.187211,30.358897",建筑群具有民族风格，汇集馆藏文物的精华,False,湖北省荆州市荆州区荆中路134号
湖北,黄鹤楼,5 A,5,,4078,湖北·武汉·武昌区,"114.309043,30.550317",孤帆远影碧空尽，唯见长江天际流,False,武汉市武昌区蛇山西山坡特1号
湖北,恩施大峡谷,5 A,0,,1094,湖北·恩施·恩施市,"109.201238,30.411298",有天坑，有地缝，有天生桥，有溶洞,False,湖北省恩施市西北部沐抚办事处境内
湖北,武汉海昌极地海洋公园,4 A,0,,974,湖北·武汉·东西湖区,"114.285587,30.669357",极地海洋主题公园，不一样的极地世界,False,湖北省武汉市东西湖区金银潭大道96号
湖北,木兰草原,5 A,3.5,,804,湖北·武汉·黄陂区,"114.469899,30.967081",原滋原味的蒙古风情,False,湖北省武汉市黄陂区王家河镇聂家岗
湖北,武汉欢乐谷,4 A,0,,708,湖北·武汉·青山区,"114.400312,30.599848",华中城市旅游新名片,False,湖北省武汉市青山区欢乐大道196号
湖北,武当山,5 A,5,,574,湖北·十堰·丹江口市,"111.102943,32.511746",一座历史悠久的仙山，武当拳的发源地,False,湖北省十堰市丹江口市武当山景区
湖北,湖北省博物馆,4 A,3.7,,570,湖北·武汉·武汉东湖风景区,"114.371479,30.568385",地方博物馆，文物众多，具有地方特色,False,湖北省武汉市武昌区东湖路156号
湖北,三峡人家,5 A,3.9,,472,湖北·宜昌·夷陵区,"111.170932,30.805222",三峡风光，巴风楚韵,False,宜昌市夷陵区峡州路5号
湖北,龟峰山,4 A,4.2,,410,湖北·黄冈·麻城市,"115.248695,31.0979",麻城杜鹃令人眼界大开，堪称世界奇迹,False,湖北省黄冈麻城市龟峰山村
湖北,云雾山,5 A,3.5,,396,湖北·武汉·黄陂区,"114.220245,31.130991",中国野生杜鹃花的荟萃地，堪称华中一绝,False,湖北省武汉市黄陂区泡桐店境内
湖北,木兰天池,5 A,3.6,,386,湖北·武汉·黄陂区,"114.291652,31.183832",游览浪漫山水，高峡人家和森林公园,False,湖北省武汉市黄陂区木兰天池游客中心
湖北,东湖海洋世界,3A,3.5,,258,湖北·武汉·武昌区,"114.386882,30.579718",玩转热带雨林，海底隧道,False,湖北省武汉市武昌区沿湖大道20号（东湖梨园旁）
湖北,清江画廊,5 A,3.6,,216,湖北·宜昌·长阳县,"111.146829,30.469896",无法抗拒的山清水秀，谁来谁说好,False,湖北省宜昌市长阳县龙舟坪镇晒鼓坪村
湖北,古隆中,5 A,5,,216,湖北·襄阳·襄城区,"112.041845,31.99698",诸葛亮“躬耕陇亩”，刘备“三顾茅庐”之地,False,湖北省襄阳襄城区隆中路461号
湖北,晴川阁,3A,3.6,,200,湖北·武汉·汉阳区,"114.291152,30.5614",有“楚四名楼”之誉,False,武汉市汉阳区洗马长街86号
湖北,神农架国际生态旅游区,5 A,3.8,,192,湖北·神农架,"110.409188,31.458971",神农架有野人吗？一起来探寻吧,False,湖北省直辖县级行政单位神农架林区
湖北,恩施土司城,4 A,4.4,,188,湖北·恩施·恩施市,"109.478573,30.307085",一座土家族土司文化标志性工程,False,湖北省恩施市土司路138号
湖北,三峡大瀑布,4 A,3.5,,182,湖北·宜昌·夷陵区,"111.330549,30.930427",天然瀑布群和峡谷丛林风光,False,湖北省宜昌市夷陵区黄花乡黄花场村
湖北,明显陵,4 A,4.4,,62,湖北·荆门·钟祥市,"112.638341,31.209101",规划布局与建筑手法具有其独特之处,False,湖北省荆门钟祥市
湖北,黄石国家矿山公园,4 A,5,,62,湖北·黄石·铁山区,"114.918659,30.214376",三国时孙权在这里炼造兵器,False,湖北省黄石市铁山区张之洞大道8号
湖北,西陵峡风景名胜区,4 A,3.6,,56,湖北·宜昌·西陵区,"111.282146,30.770684",山水画廊，巴楚风韵,False,湖北省宜昌市西陵区西陵峡口
湖北,漳河风景区,4 A,3.9,,54,湖北·荆门·东宝区,"112.087757,30.965548",水域宽阔，烟波浩瀚，湖光山色，风景如画,False,湖北荆门漳河镇漳河管理局
湖北,荆州古城,4 A,5,,52,湖北·荆州·荆州区,"112.222609,30.354815",历史古城，风貌犹存，建筑壮观，异彩纷呈,False,湖北省荆州市荆州区张居正街2号
湖北,咸宁万豪温泉谷,4 A,0,,50,湖北·咸宁·咸安区,"114.327315,29.824787",距离武汉1小时，长沙2小时,False,湖北省咸宁市咸安区温泉月亮湾路特1号
湖北,三峡森林动物园,4 A,0,,50,湖北·宜昌·夷陵区,"111.466277,30.653384",带上熊孩子享受回归大自然的快乐,False,湖北省宜昌市夷陵区土门金银岗
湖北,武汉市博物馆,4 A,3.5,,40,湖北·武汉·江汉区,"114.263081,30.617735",集东方文化的典雅与现代化功能于一体,False,湖北省武汉市江汉区青年路373号
湖南,黄龙洞,4 A,4.2,,280,湖南·张家界·武陵源区,"110.62123,29.368648",石柱、石幔、石花、石瀑，无奇不有异彩纷呈,False,湖南省张家界市武陵源区索溪峪镇河口村
湖南,凤凰古城,4 A,5,,276,湖南·湘西·凤凰县,"109.607088,27.953295",邂逅数个人，偶遇一座城,False,湖南省湘西土家族苗族自治州凤凰县凤凰古城
湖南,宝峰湖,4 A,4,,262,湖南·张家界·武陵源区,"110.555757,29.334412",高峡平湖，风光旖旎，是山水风景杰作,False,湖南省张家界市武陵源区索溪镇宝峰路8号
湖南,衡山风景区,5 A,5,,258,湖南·衡阳·南岳区,"112.726461,27.257664",华山如立，嵩山如卧，惟有南岳衡山独如飞,False,湖南省衡阳市南岳区
湖南,长沙世界之窗,4 A,3.6,,240,湖南·长沙·开福区,"113.058971,28.24039",将刺激的游乐项目和各国的历史遗迹融为一体,False,湖南省长沙市开福区三一大道485号(靠近湖南广电)
湖南,韶山滴水洞,5 A,4.4,,234,湖南·湘潭·韶山市,"112.478221,27.925611",三湘灵秀地，洞中别有天,False,湖南省湘潭韶山市冲故园路16号
湖南,岳麓山,5 A,4.6,,100,湖南·长沙·岳麓区,"112.943373,28.194667",赏枫胜地，不在别处！就在这儿,False,湖南省长沙市岳麓区登高路58号
湖南,石燕湖,4 A,3.7,,56,湖南·长沙·长沙县,"113.096704,28.018305",湖南九寨人间瑶池,False,湖南省长沙市长沙县跳马乡石门村石燕湖
湖南,湖南炎帝陵,4 A,5,,52,湖南·株洲·炎陵,"113.676866,26.422129",我们都是炎黄子孙，拜祖,False,湖南省株洲市炎陵县鹿原镇鹿原陂
湖南,皇都侗文化村,3A,0,,48,湖南·怀化·通道县,"109.731226,26.110843",古色古香、丰富多彩的侗民俗文化,False,湖南省怀化市通道县黄土乡
湖南,红石林,4 A,3.5,,48,湖南·湘西·古丈县,"109.845427,28.760116",充满野趣和粗犷阳刚之美,False,湖南省湘西州古丈县红石林镇红石林景区
湖南,土家风情园,4 A,3.9,,44,湖南·张家界·永定区,"110.470633,29.131172",人文景观与自然景观相融合,False,湖南省张家界市永定区境内
湖南,苏仙岭,4 A,4.1,,40,湖南·郴州·苏仙区,"113.056818,25.818413",集神话传说、秀丽风光和名胜古迹于一体,False,湖南省郴州市苏仙区北路2号
湖南,毛泽东同志故居,4 A,3.9,,40,湖南·湘潭·韶山市,"112.49848,27.910957","绿树青葱红砖古朴，,吸收领袖灵气",False,湖南省湘潭韶山市
湖南,玻璃桥景区石牛寨,4 A,0,,34,湖南·岳阳·平江县,"113.999367,28.915724",由怪石、奇峰、石洞组成的丹霞石的世界,False,湖南省岳阳市平江县大坪乡
甘肃,张掖七彩丹霞旅游景区,4 A,0,,364,甘肃·张掖·临泽县,"100.042244,38.970483",来中国秀美的七大丹霞赏彩色丹霞,False,甘肃省张掖市临泽县倪家营南台子村
甘肃,鸣沙山月牙泉,5 A,4.3,,262,甘肃·酒泉·敦煌市,"94.68349,40.099644",形酷似一弯新月得名，水质甘冽，澄清如镜,False,甘肃省酒泉敦煌市
甘肃,黄河石林,4 A,5,,120,甘肃·白银·景泰县,"104.320473,36.89097",具有天然大园林神韵的国家地质公园,False,甘肃省白银市景泰县中泉乡龙湾村
甘肃,崆峒山,5 A,5,,60,甘肃·平凉·崆峒区,"106.531725,35.562835",崆峒派驻地，小心七伤拳,False,甘肃省平凉市崆峒区城西12公里处
甘肃,嘉峪关关城,5 A,4.2,,58,甘肃·嘉峪关·嘉峪关市,"98.22983,39.813112",嘉峪关——万里长城西端的主宰,False,甘肃省嘉峪关市明万里长城最西端
甘肃,马蹄寺,4 A,3.8,,54,甘肃·张掖·肃南县,"100.43466,38.509348",集石窟艺术、祁连风光民族风情于一体,False,甘肃省张掖市肃南县大都麻乡
甘肃,张掖大佛寺,4 A,5,,46,甘肃·张掖·甘州区,"100.46267,38.936969",殿内塑有室内泥塑卧佛,False,甘肃张掖甘州区民主西街大佛寺巷
甘肃,敦煌影视古城,4 A,3.6,,46,甘肃·酒泉·敦煌市,"94.526683,40.063316",中国西部影视拍摄基地,False,甘肃省酒泉市敦煌市西南18公里处的大漠戈壁滩
甘肃,麦积山风景名胜区,5 A,5,,40,甘肃·天水·麦积区,"106.013269,34.362784",中国佛教四大石窟之一，完美的石窟艺术宝库,False,甘肃省天水市麦积区麦积镇麦积村
甘肃,伏羲庙,4 A,4.5,,38,甘肃·天水·秦州区,"105.713824,34.585441",内有伏羲巨型塑像，院内古柏参天，环境清幽,False,甘肃省天水市秦州区伏羲路110号
甘肃,雅丹地质公园,4 A,3.9,,36,甘肃·酒泉·敦煌市,"93.246061,40.519512",“魔鬼城”开启你的冒险之旅,False,甘肃省酒泉市敦煌市西北约180公里处
甘肃,拉卜楞寺,4 A,5,,34,甘肃·甘南·夏河县,"102.512144,35.199748",上万经卷藏于寺内,False,甘肃省甘南州夏河县
甘肃,张掖冰沟丹霞旅游景区,4 A,0,,34,甘肃·张掖·肃南县,"99.909973,39.013754",危崖劲露，气势磅礴，苍劲雄浑,False,甘肃省张掖肃南县康乐乡
甘肃,敦煌阳关景区,4 A,3.7,,30,甘肃·酒泉·敦煌市,"94.060458,39.941283",西出阳关无故人，一座被流沙掩埋的古城,False,甘肃省酒泉敦煌市阳关镇
甘肃,大云寺.王母宫,4 A,3.7,,8,甘肃·平凉·泾川县,"107.35865,35.341491",西王母降生地、发祥地、祖庙所在地,False,甘肃省平凉市泾川县城关镇延凤村；泾川县城北新区
甘肃,龙泉寺,4 A,3.6,,4,甘肃·平凉·崇信县,"106.73598,35.552961",堪称陇东山水的“天然盆景”,False,甘肃省平凉市崇信县城北1公里　
甘肃,南郭寺,4 A,3.6,,4,甘肃·天水·秦州区,"105.756724,34.571077",依山傍水，气势恢弘，巨槐参天，风景秀美,False,甘肃省天水市南国路49号
甘肃,玉泉观,4 A,4.3,,4,甘肃·天水·秦州区,"105.718795,34.591546",清泉碧水莹莹、清甜透脑，景色宜人,False,甘肃省天水市秦州区上庵沟
甘肃,五泉山公园,4 A,0,,2,甘肃·兰州·皋兰县,"103.829907,36.040998",丘壑起伏，林木葱郁，环境清幽,False,甘肃省兰州市城关区五泉南路103号
甘肃,首阳山,3A,4.6,,93,甘肃·定西·渭源县,"104.24791,35.026698",天井峡山奇水美，恰似仙境,False,甘肃省定西市渭源县莲峰镇
甘肃,兰山公园,3A,4,,96,甘肃·兰州·皋兰县,"103.815831,36.046304",兰州市罕见的人造森林公园,False,兰州市区正南皋兰山上
福建,三坊七巷,5 A,5,,62,福建·福州·鼓楼区,"119.303907,26.088959",感受浓厚的闽越古城民居特色,False,福建省福州市鼓楼区三坊七巷
福建,龙硿洞,4 A,3.5,,56,福建·龙岩·新罗区,"117.263074,25.214608",丰富的山林景观和复杂独特的喀斯特地貌,False,福建省龙岩市新罗区雁石镇龙康村
福建,福建土楼客家民俗文化村（洪坑土楼）,5 A,0,,54,福建·龙岩·永定土楼群（福建客家土楼）,"116.979667,24.656677",古朴的土楼，书写着客家人田园牧歌的诗意,False,福建省龙岩市永定县湖坑镇洪坑村
福建,鼓浪屿,5 A,4.9,,3792,福建·厦门·思明区,"118.073486,24.452261",琴之岛，乐之屿,False,福建省厦门市思明区鼓浪屿
福建,厦门园林植物园,4 A,3.8,,2654,福建·厦门·思明区,"118.123817,24.447128",一座秀丽多姿、四季飘香的游览园林,False,福建省厦门市思明区虎园路25号
福建,武夷山,5 A,5,,1134,福建·南平·武夷山市,"117.992764,27.631146",世界文化与自然双重遗产国家5A级旅游景区,False,福建省南平市武夷山国家旅游度假区
福建,厦门方特梦幻王国,4 A,0,,772,福建·厦门·厦门方特旅游区,"118.183984,24.686373",科幻和互动体验，充满幻想和创意的神奇天地,False,福建省厦门市同安区石浔南路1111号
福建,胡里山炮台,4 A,4.2,,516,福建·厦门·思明区,"118.113008,24.435089",八闽门户、天南锁钥,False,福建省厦门市思明区曾厝垵路2号
福建,高北土楼群,5 A,0,,338,福建·龙岩·永定土楼群（福建客家土楼）,"117.011006,24.668343",一步之遥，览土楼风采,False,福建省龙岩市永定县高头乡高北村
福建,太姥山,5 A,5,,312,福建·宁德·福鼎市,"120.199549,27.107995",太姥山，中国海边最美的山,False,福建省宁德福鼎市太姥山
福建,火山岛自然生态风景区,4 A,0,,248,福建·漳州·漳浦县,"118.031946,24.211022",滨海火山地貌,False,福建省漳州市漳浦县前亭镇江口村与岐沙村交口处
福建,厦门日月谷温泉渡假村,4 A,3.6,,230,福建·厦门·海沧区,"117.947214,24.564469",东南亚风情建筑风格，百多个露天温泉泡池,False,福建省厦门市海沧区孚莲路1888号
福建,冠豸山,4 A,0,,196,福建·龙岩·连城县,"116.792504,25.717911",“北夷南豸，丹霞双绝”,False,福建省龙岩市连城县豸峰街44号
福建,崇武古城,4 A,4.6,,176,福建·泉州·惠安县,"118.936188,24.8813",历史悠久，我国仅存的比较完整的石头城,False,福建省泉州市惠安县崇武镇
福建,清源山,5 A,4.2,,174,福建·泉州·泉州市,"118.608168,24.949825",首批中国国家自然与文化双遗产预备名录,False,福建省泉州市北郊清源山势至岩
福建,大金湖,5 A,5,,150,福建·三明·泰宁县,"117.108496,26.871121",湖泊与丹霞奇观的完美结合，似一处世外仙境,False,福建省三明泰宁县大金湖世界地质公园内
福建,东山风动石,4 A,3.7,,144,福建·漳州·东山岛,"117.541012,23.742962",乐享东山海滨风情,False,福建省漳州市东山县铜陵镇公园街关帝庙
福建,同安影视城,3A,3.5,,122,福建·厦门·同安区,"118.171474,24.748647",金碧辉煌、古意盎然、气魄恢宏,False,福建省厦门市同安区五显镇东溪河西岸
福建,怀远楼,3A,5,,106,福建·漳州·南靖县,"117.100916,24.677671",充满书香气息和人文历史气息，简氏家族建,False,福建省漳州市南靖县漳州土楼群内
福建,侠天下旅游区,4 A,0,,100,福建·三明·尤溪县,"118.54869,26.152314",集神、奇、险、雄、古、幽为一体,False,福建省三明市尤溪县汤川乡胡厝村
福建,石牛山景区,4 A,3.6,,90,福建·泉州·德化县,"118.426944,25.683333",以峰险、石怪、树奇、洞幽闻名，独具特色,False,福建省泉州市德化县水口镇水口街湖坂村赤石口
西藏,布达拉宫,5 A,5,,2010,西藏·拉萨·城关区,"91.125491,29.660076",朝圣者的天堂,False,西藏自治区拉萨市城关区北京中路35号
西藏,大昭寺,5 A,4.6,,330,西藏·拉萨·城关区,"91.140356,29.65617",西藏辉煌的一座吐蕃时期的建筑,False,西藏拉萨市城关区中心八角街
西藏,羊卓雍措,3A,0,,180,西藏·山南·浪卡子县,"90.808843,28.954092",层层盘山路后水天相连，天水一色的震撼,False,西藏自治区山南市
西藏,巴松措,5 A,3.8,,124,西藏·林芝·工布江达县,"93.869055,29.988577",藏传佛教红教神湖，湖水碧绿，周围青山悠悠,False,西藏自治区林芝地区工布江达县
西藏,珠穆朗玛峰,4 A,4.9,,8,西藏·日喀则·定日县,"86.923597,27.985823",终年冰雪覆盖，地形陡峭，世界第一高峰,False,西藏日喀则定日县正南方
西藏,扎什伦布寺,5 A,4.5,,6,西藏·日喀则·日喀则市,"88.879118,29.269685",可与布达拉宫相媲美，六大黄教寺院之一,False,西藏日喀则市几吉郎卡路1号
西藏,罗布林卡,4 A,3.8,,4,西藏·拉萨·城关区,"91.102232,29.65577",是西藏人造园林中风景佳、古迹多的园林,False,拉萨市罗布林卡路21号
西藏,鲁朗风景区,4 A,0,,70,西藏·林芝·林芝县,"94.747806,29.76381",群山环抱，芳草青青，云蒸雾绕，民风淳朴,False,西藏省林芝地区林芝县
贵州,西江千户苗寨,4 A,5,,3737,贵州·黔东南·雷山县,"108.18029,26.500009",游览千户苗寨，感受苗族风情,False,贵州省凯里市黔东南苗族侗族自治州雷山县西江镇南贵村
贵州,梵净山,5 A,5,,3036,贵州·铜仁·铜仁市,"108.781453,27.849178",独一无二，惊世骇俗,False,中国贵州铜仁市江口县太平乡黑湾河梵净山景区
贵州,黄果树瀑布,5 A,5,,1700,贵州·安顺·黄果树风景名胜区,"105.67645,25.994852",是世界著名大瀑布之一,False,贵州省安顺镇宁布依族苗族自治县黄果树瀑布
贵州,百里杜鹃,5 A,5,,1384,贵州·毕节·黔西县,"105.941117,27.18131",每年杜鹃花开时，漫山遍野一片红,False,贵州省毕节市黔西县普底乡
贵州,青岩古镇,5 A,4.1,,808,贵州·贵阳·花溪区,"106.695326,26.339051",由土城而渐成街巷纵横错综之石城,False,贵阳市花溪区交通路240号
贵州,黄果树风景名胜区,5 A,0,,700,贵州·安顺·镇宁县,"105.673786,25.987789",珠帘钩不卷，匹练挂遥峰,False,贵州省安顺镇宁布依族苗族自治县黄果树风景名胜区
贵州,织金洞,4 A,5,,578,贵州·毕节·织金县,"105.902441,26.770667",黄山归来不看岳， 织金洞外无洞天,False,贵州省毕节市织金县官寨乡织金洞景区
贵州,天星桥,4 A,3.7,,438,贵州·安顺·关岭县,"105.686279,25.95361",石树水美妙结合，玲珑秀美的天然盆景区,False,贵州省安顺市关岭县
贵州,天河潭旅游度假区,4 A,4.1,,304,贵州·贵阳·花溪区,"106.586422,26.44822",黄果树瀑布之雄，龙宫之奇花溪之秀,False,贵州省贵阳市花溪区石板镇天河潭风景区
贵州,万峰林,4 A,3.5,,244,贵州·黔西南·兴义市,"104.929696,25.009011",上万座锥状的山峰一座挨一座，非常壮观,False,贵州省黔西南州兴义市万峰林街道
贵州,龙宫,5 A,3.6,,214,贵州·安顺·镇宁县,"105.895189,26.098328",览龙宫知天下水洞，荡轻舟临人间仙境,False,贵州省安顺市镇宁县龙宫镇
贵州,镇远青龙洞,3A,3.7,,96,贵州·黔东南·镇远,"108.440226,27.055462",山势挺拔，峭壁悬崖；巨岩、洞穴融为一体,False,贵州省黔东南苗族侗族自治州镇远县舞阳镇
贵州,黔灵公园,4 A,4.6,,78,贵州·贵阳·云岩区,"106.700343,26.60699",追逐嬉闹，悠然自得，顿生无限情趣,False,贵州省贵阳市云岩区枣山路187号
贵州,云门囤,4 A,3.5,,72,贵州·遵义·遵义县,"107.288176,27.652213",荡荡白步中，水石互吐吞,False,贵州省遵义市遵义县团堡村
贵州,朱砂古镇（万山国家矿山公园）,4 A,0,,38,贵州·铜仁·万山区,"109.230977,27.536149",堪称地下长城，规模宏大、世界罕见,False,铜仁市万山区万山镇土坪社区
贵州,石阡古温泉水上乐园,4 A,0,,30,贵州·铜仁·石阡县,"108.234379,27.518316",中国古老的温泉之一,False,贵州省铜仁市石阡县汤山镇温泉社区
贵州,贵御温泉旅游区,4 A,0,,22,贵州·贵阳·乌当区,"106.777159,26.622163",黔中秘境带给你不一般的享受,False,贵州省贵阳市乌当区温泉路555号
贵州,赤水丹霞旅游区·佛光岩,5 A,0,,20,贵州·遵义·赤水丹霞旅游区,"105.975946,28.395717",集新、奇、险、秀、幽、野六大特色为一体,False,贵州省遵义市赤水市元厚镇境内
贵州,夜郎洞,4 A,3.5,,20,贵州·安顺·镇宁县,"105.635467,26.094013",醉美夜郎洞，湖光山色间令人心旷神怡,False,贵州省镇宁县黄果树风景区上游扁担山
辽宁,大连圣亚海洋世界,4 A,4.1,,2213,辽宁·大连·沙河口区,"121.577602,38.884644",乐游星海湾，大连浪漫地标,False,辽宁省大连市沙河口区中山路608-6-8号（星海广场西500米，星海公园内）
辽宁,老虎滩海洋公园,5 A,4.5,,1086,辽宁·大连·中山区,"121.682278,38.88534",一揽湾区山海，遍赏极地海洋,False,辽宁省大连市中山区滨海中路9号
辽宁,大连森林动物园,4 A,3.6,,962,辽宁·大连·西岗区,"121.618712,38.887983",大熊猫金虎、妙音、飞云与您共度欢乐时光！,False,大连市西岗区迎春路60号（圈养区），大连市西岗区滨海西路79号（散养区）
辽宁,沈阳故宫,4 A,3.5,,662,辽宁·沈阳·沈河区,"123.462202,41.804471",观皇家宫苑，赏珍宝文物,False,辽宁省沈阳市沈河区沈阳路171号
辽宁,鞍山千山,5 A,4.5,,526,辽宁·鞍山·千山区,"123.11642,41.005088",无穷无尽的天然画卷,False,辽宁省鞍山市千山区千山东路79号
辽宁,沈阳森林动物园,4 A,0,,486,辽宁·沈阳·沈阳棋盘山风景区,"123.689555,41.939773",生机勃勃的森林野生动物园,False,辽宁省沈阳市棋盘山国际风景旅游开发区内
辽宁,丹东凤凰山,4 A,3.6,,272,辽宁·丹东·凤城市,"124.078062,40.403008",平辽王神弓射箭眼，一箭定辽东之地,False,辽宁省丹东市凤城市郊东南3公里处
辽宁,本溪水洞,5 A,5,,250,辽宁·本溪·本溪县,"124.090355,41.308561",石奇，松秀，大气磅礴的“北国小黄山”,False,辽宁省本溪市本溪满族自治县谢家崴子村
辽宁,沈阳世博园,5 A,3.5,,248,辽宁·沈阳·浑南区,"123.66082,41.871658",植物种类多的让你眼花缭乱,False,辽宁省沈阳市浑南区近郊高坎镇中马村双园路301号
辽宁,张氏帅府,4 A,4,,222,辽宁·沈阳·沈河区,"123.464684,41.800237",张学良的官邸和私宅,False,辽宁省沈阳市沈河区朝阳街少帅府巷46号
辽宁,万佛堂石窟,3A,3.7,,52,辽宁·锦州·义县,"121.172602,41.581431",为辽西地区的一个别有韵味的旅游景点,False,辽宁省锦州市义县头台乡万佛堂村
辽宁,北普陀山,4 A,3.8,,48,辽宁·锦州·太和区,"121.067517,41.170701",关外一座闻名的佛山,False,辽宁省锦州市古塔区北普陀山风景名胜区
辽宁,辽宁朝阳鸟化石地质公园,4 A,3.6,,48,辽宁·朝阳·龙城区,"120.392028,41.602549",世界上著名的古生物化石宝库,False,辽宁省朝阳市朝阳龙城区龙鸟大街100号
辽宁,怪坡,4 A,3.7,,38,辽宁·沈阳·沈北新区,"123.648785,42.064624",怪坡面世，旅游谜地挑战你的世界观,False,辽宁省沈阳市新城子区清水台镇拥屯村
辽宁,朝阳凤凰山,4 A,5,,36,辽宁·朝阳·双塔区,"120.484954,41.556157",商周遗韵、晋宋风情，千年佛教名山圣地,False,辽宁省朝阳市城区东部4公里处
辽宁,大芦花风景区,4 A,0,,34,辽宁·锦州·北镇市,"121.65216,41.51947",芦苇丛生，深秋季节芦花漫舞，景色怡人,False,辽宁省锦州北镇市鲍家乡桃源村
辽宁,金石滩旅游度假区,5 A,4.6,,34,辽宁·大连·金州区,"122.012502,39.091863",凝固的动物世界，天然的地质博物馆,False,辽宁省大连市金州区丹枫路金石滩国家旅游度假区
辽宁,红海滩国家风景廊道,5 A,0,,32,辽宁·盘锦·大洼县,"121.852044,40.90826",中国十大魅力湿地之首，自驾游的好去处,False,辽宁省盘锦市大洼区赵圈河镇红海滩国家风景廊道
辽宁,奉国寺,4 A,3.8,,32,辽宁·锦州·义县,"121.25479,41.54933",一座宏伟壮观、保存较为完整的古代寺院,False,辽宁省锦州市义县东街18号
辽宁,白玉山,4 A,3.7,,28,辽宁·大连·旅顺口区,"121.264465,38.81533",将秀美壮观的军港和威武的舰队尽收眼底,False,辽宁大连市旅顺口区白玉山街158号（南道票口）
辽宁,闯关东影视城,3A,0,,24,辽宁·大连·旅顺口区,"121.243299,38.837536",亲身感受《闯关东》那段波澜壮阔的历史,False,辽宁省大连市旅顺水师营街道三里桥村清风小镇
辽宁,葫芦古镇旅游度假区,4 A,3.8,,24,辽宁·葫芦岛·龙港区,"120.950722,40.787487",葫芦文化的旅游景区,False,辽宁省葫芦岛市葫芦岛经济开发区
辽宁,九一八历史博物馆,4 A,4,,22,辽宁·沈阳·大东区,"123.472796,41.840604",再现我国取得抗日战争胜利的历史画卷,False,辽宁省沈阳市大东区望花南街46号
辽宁,日俄监狱旧址,4 A,3.6,,20,辽宁·大连·旅顺口区,"121.271863,38.831197",保存完好，历史内涵丰富，具有鲜明国际性,False,辽宁省大连市旅顺口区向阳街139号
辽宁,海棠山,4 A,5,,18,辽宁·阜新·阜蒙县,"121.858507,41.943582",种种奇观异象等待您来探寻,False,辽宁省阜新市阜新蒙古族自治县大板镇
重庆,重庆长江索道,4 A,0,,2412,重庆·重庆·渝中区,"106.589285,29.563863",万里长江的一条空中走廊，俯瞰滚滚长江,False,重庆市渝中区新华路151号
重庆,重庆动物园,4 A,3.5,,1846,重庆·重庆·九龙坡区,"106.512498,29.509242",走进动物世界，感受大自然其乐无穷,False,重庆市九龙坡杨家坪西郊路35号动物园轻轨车站转盘处
重庆,武隆仙女山国家森林公园,5 A,4.1,,1310,重庆·重庆·武隆天坑地缝国家地质公园,"107.755105,29.500941",又一个仙女下凡调戏牧童的故事,False,重庆市武隆县境乌江北岸双河乡
重庆,武隆天生三桥风景区,5 A,3.6,,1100,重庆·重庆·武隆天坑地缝国家地质公园,"107.811189,29.435993",变形金刚大战黄金甲,False,重庆市武隆县龙桥街巷口镇芙蓉路88号
重庆,武隆天坑地缝国家地质公园,5 A,0,,970,重庆·重庆·武隆县,"107.773314,29.423324",反映地球演化历史的杰出范例,False,重庆市武隆县银杏大道武隆喀斯特旅游区
重庆,磁器口古镇,4 A,4,,704,重庆·重庆·沙坪坝区,"106.458175,29.585837",古色古香，人文荟萃，风景优美,False,重庆市沙坪坝区磁南街1号
重庆,重庆欢乐谷,4 A,0,,494,重庆·重庆·渝北区,"106.521091,29.671569",不可错过的欢乐世界,False,重庆市渝北区金渝大道29号重庆欢乐谷
重庆,重庆园博园,4 A,0,,464,重庆·重庆·渝北区,"106.56312,29.691759",一个集自然和人文景观为一体的生态公园,False,重庆市渝北区龙景路1号
重庆,湖广会馆,4 A,3.6,,338,重庆·重庆·渝中区,"106.593781,29.564524",一馆缩影江南明清遗风,False,重庆市渝中区长滨路芭蕉园1号湖广会馆
重庆,乐和乐都主题公园（重庆野生动物世界）,4 A,0,,266,重庆·重庆·乐和乐都主题公园,"105.914174,29.296841",突出“回归自然”的主题,False,重庆市永川区卫星湖街道凤龙路999号
重庆,洪崖洞,4 A,4.2,,264,重庆·重庆·渝中区,"106.584386,29.567956",老重庆的真实写照，极具巴渝传统特色,False,重庆市渝中区嘉滨路88号
重庆,大足石刻,5 A,3.9,,222,重庆·重庆·大足县,"105.716678,29.718935",欣赏真正的“千手”观音,False,重庆市大足县龙岗镇北山路7号
重庆,龙水峡地缝,3A,3.5,,222,重庆·重庆·武隆天坑地缝国家地质公园,"107.799067,29.408789",天坑地缝不分家,False,重庆市武隆县仙女山南麓
重庆,金佛山,5 A,3.6,,190,重庆·重庆·南川区,"107.207362,29.104603",洞天佛国 养生福地,False,重庆市南川区金佛山
重庆,融汇温泉,3A,0,,148,重庆·重庆·沙坪坝区,"106.446305,29.547843",给你专业化、个性化、专属化的温泉体验,False,重庆市沙坪坝区汇泉路6号梨树湾融汇温泉城
重庆,重庆白鹤梁水下博物馆,4 A,0,,78,重庆·重庆·涪陵区,"107.398417,29.718535",以水下参观的方式，领略白鹤梁的历史和风情,False,重庆市涪陵区滨江大道二段185号
重庆,重庆天赐温泉,3A,3.6,,76,重庆·重庆·九龙坡区,"106.378253,29.517968",西南地区规模较大的园林式露天温泉,False,重庆市九龙坡区含谷开发区天赐温泉路1号
重庆,巫山小三峡,5 A,3.7,,70,重庆·重庆·巫山县,"109.902086,31.152742",长江三峡旅游水道线上一颗璀璨明珠,False,重庆市巫山县广东中路170号
重庆,丰都鬼城,4 A,3.7,,68,重庆·重庆·丰都县,"107.731507,29.891926",鬼城寻鬼，阴朝地府走一遭,False,重庆市丰都县名山镇名山路152号
重庆,武陵山大裂谷,4 A,0,,60,重庆·重庆·涪陵区,"107.58417,29.508252",峡谷景观、山林景观、田园景观,False,重庆市涪陵区兴华东路10号
重庆,铜梁奇彩梦园,4 A,0,,56,重庆·重庆·铜梁县,"106.053473,29.801335",奇思妙想美山川，彩色人间艳阳天,False,重庆铜梁南城街道办事处黄门村12社（富家桥）
重庆,蚩尤九黎城,4 A,0,,52,重庆·重庆·彭水县,"108.314526,29.031209",神秘的苗族始祖蚩尤文化,False,重庆市彭水县乌江边
重庆,白帝城,4 A,3.9,,48,重庆·重庆·奉节县,"109.580814,31.049698",三国史上悲壮的一幕，刘备托孤之地,False,重庆市近郊奉节县瞿塘峡口长江北岸
重庆,贝迪颐园温泉旅游度假区,4 A,0,,48,重庆·重庆·九龙坡区,"106.370716,29.45659",温泉、网球、观光温室，喧嚣与宁静随意切换,False,重庆市九龙坡区白市驿农科大道288号
重庆,中国三峡博物馆,4 A,3.5,,42,重庆·重庆·渝中区,"106.557068,29.568364",三峡文明之仓,False,重庆市渝中区人民路236号
重庆,金刀峡,4 A,3.6,,42,重庆·重庆·北碚区,"106.629658,30.03717",一处保持着原始古老神奇的峡谷自然风景区,False,重庆市北碚区金刀峡镇小塘村1号
重庆,重庆科技馆,4 A,0,,38,重庆·重庆·江北区,"106.584957,29.577455",提高公民科学文化素养的基础科普设施,False,重庆市江北区江北城文星门街7号
重庆,万州大瀑布群景区,4 A,0,,36,重庆·重庆·万州区,"108.258905,30.660203",山青水秀，瀑宽洞奇，潭幽虹美，景观奇特,False,重庆市万州区甘宁镇甘宁河段
重庆,芙蓉洞,5 A,3.8,,34,重庆·重庆·武隆天坑地缝国家地质公园,"107.915411,29.226307",《中国国家地理》评出的中国第二美溶洞,False,重庆市武隆县江口镇芙蓉路88号
重庆,四面山,5 A,3.6,,144,重庆·重庆·江津区,"106.419045,28.653445",生机盎然，峡谷深山，森林莽莽,False,重庆市江津区四面山风景区
重庆,龙缸地质公园,5 A,3.5,,140,重庆·重庆·云阳县,"109.011659,30.672232",浓郁土家风情，长江三峡的香格里拉,False,重庆市云阳县清水镇
重庆,酉阳桃花源,5 A,3.6,,132,重庆·重庆·酉阳县,"108.770241,28.859621",桃花源--陶渊明笔下[桃花源记]原型地,False,重庆市酉阳县土家族苗族自治县桃花源路232号
重庆,统景温泉,4 A,3.5,,128,重庆·重庆·渝北区,"106.838806,29.864783",让你醉倒在“温柔乡”里,False,重庆巿渝北区统景镇景泉路66号
重庆,南山植物园,4 A,3.5,,122,重庆·重庆·南岸区,"106.6377,29.56099",山城花冠之外，还有无敌夜景在此,False,重庆市南岸区南山公园路101号
重庆,城市大峡谷景区,4 A,0,,104,重庆·重庆·黔江区,"108.822427,29.512668",绿色生态、奇幻莫测的秘境形象和文化符号,False,重庆市黔江区319国道附近
重庆,黑山谷,5 A,3.6,,96,重庆·重庆·万盛区,"107.008268,28.894072",重庆独特的生物基因库，西南神农架,False,重庆市万盛区黑山镇境内
陕西,祥峪森林公园,3A,3.5,,44,陕西·西安·长安区,"108.816713,33.982975",原始的自然之美，风韵的林海仙境,False,陕西省西安市长安区祥峪森林公园
陕西,红碱淖风景区,4 A,3.9,,40,陕西·榆林·神木县,"109.951463,39.093959",陕西省十大自然风景名胜区和十大诚信单位,False,陕西省榆林市神木县红碱淖风景区
陕西,朱雀国家森林公园,4 A,3.5,,40,陕西·西安·户县,"108.579062,33.790641",森林茂密，山水神奇，气候宜人,False,陕西省西安市户县南部东涝河上游秦岭梁北侧
陕西,汉阳陵国家考古遗址公园,4 A,0,,34,陕西·咸阳·秦都区,"108.954724,34.448301",“事死如事生”丧葬观念空前盛行的真实体现,False,陕西省西安市咸阳国际机场专用公路东段
陕西,秦始皇帝陵博物院（兵马俑）,5 A,4.4,,12714,陕西·西安·临潼区,"109.266029,34.386024",世界第八大奇迹,False,陕西省西安市临潼县秦始皇陵东1.5公里处
陕西,华山景区,5 A,5,,5808,陕西·渭南·华阴市,"110.088712,34.532247",只有天在上，更无山与齐,False,陕西省渭南市华阴市境内
陕西,华清宫,5 A,4.5,,5702,陕西·西安·临潼区,"109.218903,34.369881",览盛唐宫阙，登骊山怀古，赏长恨歌舞,False,陕西省西安市临潼区华清路038号
陕西,陕西历史博物馆,4 A,4.6,,3925,陕西·西安·雁塔区,"108.961746,34.230944",在这里，见证中华文明,False,陕西省西安市雁塔区小寨东路91号
陕西,大唐芙蓉园,5 A,4.3,,2208,陕西·西安·曲江旅游度假区,"108.980798,34.218929",进入中国盛唐文化之旅,False,陕西省西安市雁塔曲江新区芙蓉西路99号
陕西,黄帝陵,5 A,5,,1660,陕西·延安·黄陵县,"109.280487,35.587062",中华始祖黄帝轩辕氏的陵墓,False,陕西省延安市黄陵县城北的桥山颠
陕西,西安城墙,5 A,4.1,,1564,陕西·西安·碑林区,"108.953364,34.256023",触摸历史遗迹，感受历史沧桑,False,陕西省西安市碑林区永宁门
陕西,西安碑林博物馆,5 A,4,,1380,陕西·西安·碑林区,"108.959087,34.258767",每一块碑石都经历了一段历史,False,陕西省西安市碑林区三学街15号（近书院门）
陕西,秦岭野生动物园,4 A,3.5,,1360,陕西·西安·长安区,"108.874543,34.053388",走进大自然，亲近小动物,False,陕西省西安市长安区滦镇
陕西,大慈恩寺（大雁塔）,5 A,3.6,,974,陕西·西安·曲江旅游度假区,"108.970566,34.222777",唐僧（玄奘）藏经处，古都西安的象征,False,陕西省西安市雁塔区大雁塔南广场北侧
陕西,西安植物园（曲江园区）,3A,3.5,,716,陕西·西安·雁塔区,"109.036301,34.215163",池水潺潺，林木苍翠,False,陕西省西安市雁塔区曲江新区雁翔路曲江生态花园东1.4公里
陕西,法门寺,5 A,5,,488,陕西·宝鸡·扶风县,"107.909964,34.430433",释迦牟尼佛指舍利供奉圣地,False,陕西省宝鸡市扶风县城北10公里法门镇
陕西,大明宫国家遗址公园,4 A,3.6,,456,陕西·西安·新城区,"108.968257,34.309657",唐代长安城禁苑,False,陕西省西安市新城区自强东路585号大明宫国家遗址公园丹凤门
陕西,临潼博物馆,3A,3.5,,356,陕西·西安·临潼区,"109.223096,34.370575",珍藏有西周青铜器、唯一记载武王伐纣的遗物,False,陕西省西安市临潼区环城东路1号
陕西,翠华山,4 A,3.5,,336,陕西·西安·长安区,"109.013004,33.999399",太乙真人修炼地，李世民避暑消夏,False,陕西省西安市长安太乙宫镇翠华山景区
陕西,兴汉胜境,4 A,0,,282,陕西·汉中·汉台区,"107.036897,33.114828",中国汉文化超级旅游度假区,False,陕西省汉中市汉台区兴汉新区鑫源办事处诸汉路中段兴汉胜境景区门口
陕西,乐华恒业欢乐世界,4 A,0,,266,陕西·咸阳·泾阳县,"108.925245,34.478523",过山车主题公园,False,陕西省西咸新区泾河新城沣泾大道
陕西,瀛湖,4 A,4.1,,262,陕西·安康·汉滨区,"108.897391,32.609361",碧水蓝天，秦巴仙境，气候温和，岛屿众多,False,陕西省安康市汉滨区瀛湖镇
陕西,曲江海洋极地公园,4 A,3.5,,258,陕西·西安·曲江旅游度假区,"108.98711,34.221745",极地公园四馆八区带你畅游海洋世界,False,陕西省西安市雁塔区曲江二路1号
陕西,少华山国家森林公园,4 A,3.5,,238,陕西·渭南·华县,"109.841401,34.500275",四季风光变幻无穷，人称“陕西的九寨沟”,False,陕西省渭南华县莲花寺镇袁寨村
陕西,乾陵,4 A,5,,228,陕西·咸阳·乾县,"108.226308,34.577233",一代女皇圣地，千古盛唐乾陵,False,陕西省咸阳市乾县城北6公里梁山上
陕西,西安半坡博物馆,4 A,3.5,,204,陕西·西安·灞桥区,"109.057557,34.279342",感受新石器时代的仰韶文化,False,陕西省西安市东郊半坡路155号
陕西,陕西自然博物馆,3A,0,,100,陕西·西安·雁塔区,"108.952239,34.203498",探索自然的奥秘,False,陕西省西安市雁塔区长安南路88号
陕西,汉中武侯祠,4 A,5,,100,陕西·汉中·勉县,"106.641351,33.156517",可观古旱莲，品文人墨宝,False,陕西省汉中市勉县县城108国道边
陕西,石门栈道风景区,4 A,0,,92,陕西·汉中·汉台区,"106.970617,33.216647",风景秀丽，古迹荟萃，人文历史底蕴深厚,False,陕西省汉中汉台区石门栈道
陕西,塔云山,4 A,0,,78,陕西·商洛·镇安县,"109.047125,33.309354",远眺，塔云山、舍尸崖、金顶均收眼底,False,陕西省商洛市镇安县前街100号
陕西,金丝峡景区,5 A,4,,72,陕西·商洛·商南县,"110.572425,33.360309",风光秀丽，风格独特，风景如画,False,陕西省商洛市商南县金丝峡镇
陕西,茂陵博物馆,4 A,3.6,,68,陕西·咸阳·兴平市,"108.592802,34.34298",感受汉武大帝的雄韬武略,False,陕西省咸阳市兴平市茂陵博物馆汉武帝陵东500米
陕西,太平国家森林公园,4 A,3.5,,62,陕西·西安·户县,"108.667198,33.927961",群山披绿，古木参天，万木峥嵘,False,陕西省西安市户县紫阁峪村沣京路26号
陕西,西安世博园,4 A,0,,60,陕西·西安·灞桥区,"109.06799,34.327748",天人长安，创意自然，城市与自然和谐共生,False,陕西省西安市东二环浐灞生态区广运谭(近北二环)
陕西,汉中武侯墓风景区,4 A,0,,58,陕西·汉中·勉县,"106.660676,33.130082",左右前后九支环抱，又如佛手,False,陕西省汉中勉县武侯南路
青海,茶卡盐湖,4 A,4.2,,478,青海·海西蒙古族藏族自治州·乌兰县,"99.155005,36.666619","天然结晶盐，晶大质纯,盐味醇香",False,青海省海西州鸟兰县茶卡镇盐湖路
青海,青海湖,5 A,0,,404,青海·海南藏族自治州·共和县,"100.50728,36.591727",内陆湖泊和咸水湖,False,青海省海南藏族自治州共和县
青海,塔尔寺,5 A,5,,258,青海·西宁·湟中县,"101.576298,36.494459","佛光里的塔尔寺,梦中的青海湖",False,青海省西宁市湟中县鲁沙尔镇
青海,青海湖二郎剑,5 A,5,,154,青海·海南藏族自治州·青海湖,"100.50854,36.589246",青海湖旅游区一颗耀眼的明珠,False,青海省海南州青海湖东南岸
青海,日月山,3A,4.6,,52,青海·西宁·湟源县,"101.10225,36.447813",有“西海屏风”、“草原门户”之称,False,青海省西宁市湟源县西南40公里处
青海,金银滩（原子城）旅游景区,4 A,3.5,,42,青海·海北藏族自治州·海晏县,"100.825747,37.003074",丝绸之路南线，感受绚丽的大漠风光,False,青海省海北藏族自治州海晏县金银滩草原
青海,西宁新华联童梦乐园,4 A,0,,40,青海·西宁·湟中县,"0.0,0.0",游童梦圆你童话梦,False,西宁市湟中县多巴镇韦家庄村600-17号新华联国际旅游城
青海,青海藏文化馆,4 A,0,,20,青海·西宁·湟中县,"101.594845,36.498076",充满神秘色彩和感性震撼力的藏族文化场景,False,青海省西宁市湟中县鲁沙尔镇莲花湖畔
青海,藏医药文化博物馆,4 A,0,,16,青海·西宁·西宁市区,"101.75431,36.695622",直观感受藏文化的博大精深，华丽旖旎,False,青海省西宁市生物园区经二路36号
青海,青藏高原野生动物园,4 A,0,,6,青海·西宁·城西区,"101.739899,36.633361",车行和步行参观，与高原动物零距离接触,False,青海省西宁市城西区行知路9号
青海,西宁浦宁之珠,3A,3.5,,4,青海·西宁·城西区,"101.756182,36.626394",西宁市尽收眼底，一览“西宁小”,False,青海省西宁城西区浦宁之珠
青海,赞普林卡,3A,3.5,,4,青海·西宁·湟源县,"101.275252,36.686738",反映了青藏高原的起源,False,青海省西宁市湟源县青藏路
青海,丹噶尔古城,4 A,3.5,,68,青海·西宁·湟源县,"101.286318,36.693134",感受到深远的历史文化,False,青海省西宁市湟源县城关镇明清老街
青海,东关清真大寺,3A,4,,41,青海·西宁·城东区,"101.804177,36.621776",伊斯兰教礼拜的好去处,False,青海省西宁市城东区东关大街31号
青海,互助土族故土园,5 A,3.5,,48,青海·海东地区·互助县,"101.954596,36.84493",雄奇独特的生态环境、古老神秘的文化遗迹,False,青海省海东地区互助县威远镇北街1号
青海,青海省博物馆,4 A,3.5,,62,青海·西宁·城西区,"101.762275,36.637121",青海的一座具有现代化功能的大型博物馆,False,青海省西宁市城西区西关大街58号
青海,彩虹部落土族园,4 A,0,,87,青海·海东地区·互助县,"101.945306,36.839963",大型土族民俗文化主题公园,False,青海省海东地区互助县威远镇振兴大道西路口
青海,马步芳公馆,4 A,3.7,,38,青海·西宁·城东区,"101.80563,36.618075",记忆的年轮，凝固在马步芳公馆中,False,青海省西宁市城东区为民巷13号
青海,青海湖沙岛,5 A,3.5,,76,青海·海南藏族自治州·青海湖,"100.713549,36.920177",是国家重点风景名胜区青海湖组成部分之一,False,青海青海湖海北
青海,阿咪东索景区,5 A,0,,73,青海·海北藏族自治州,"100.327255,38.105218",阿咪东索景区，俗称牛心山，位于巍峨的祁连山下，是一处集餐饮、住宿、娱乐、民俗演绎、骑马、射箭、民族服饰体验为一体的景点。,False,青海海北藏族自治州阿咪东索景区
青海,青海湖鸟岛,5 A,3.7,,99,青海·海南藏族自治州·青海湖,"99.864259,36.990077",因岛上栖息着数以十万计的候鸟而得名,False,青海省海南州共和县青海湖鸟岛风景区
青海,可鲁克湖,3A,3.6,,41,青海·海西蒙古族藏族自治州·德令哈市,"96.90894,37.323944",镶嵌在浩瀚的戈壁，茫茫的草原之间,False,青海省海西蒙古族藏族自治州德令哈市可鲁克湖
青海,纳顿庄园,4 A,0,,74,青海·海东地区·互助县,"101.946278,36.842822",彩虹的故乡，领略土族的无限魅力,False,青海省互助土族自治县威远镇小庄村
黑龙江,哈尔滨极地馆（一期）,4 A,4,,436,黑龙江·哈尔滨·松北区,"126.593929,45.791562",全球罕见的极地演艺游乐园,False,黑龙江省哈尔滨市松北区太阳大道3号
黑龙江,波塞冬海底世界,4 A,0,,332,黑龙江·哈尔滨·波塞冬旅游度假区,"126.691374,45.88911",探索海底世界无穷奥秘,False,黑龙江省哈尔滨市松北区汇江路1号
黑龙江,东北虎林园,4 A,3.5,,274,黑龙江·哈尔滨·松北区,"126.605376,45.82487",可近距离接触东北虎,False,黑龙江省哈尔滨松北区松北街88号
黑龙江,波塞冬沙滩水世界,4 A,0,,170,黑龙江·哈尔滨·波塞冬旅游度假区,"126.693085,45.885349",全球首创海豚漂流河 与海豚一起冲浪漂流,False,黑龙江省哈尔滨市松北区汇江路1号
黑龙江,哈尔滨龙塔,4 A,4.2,,148,黑龙江·哈尔滨·南岗区,"126.687353,45.754132",登临181米高空俯瞰哈尔滨全景,False,黑龙江省哈尔滨市南岗区长江路178号
黑龙江,哈尔滨北方森林动物园,4 A,0,,68,黑龙江·哈尔滨·阿城区,"127.119252,45.398845",让游客近距离接触这个神奇的动物王国,False,黑龙江省哈尔滨市阿城区哈牡公路鸽子洞地区
黑龙江,大顶子山温泉旅游区,4 A,0,,58,黑龙江·哈尔滨·巴彦县,"127.248843,46.019376",东北三省室内温泉水上乐园,False,黑龙江省哈尔滨市巴彦县
黑龙江,扎龙自然保护区,4 A,5,,58,黑龙江·齐齐哈尔·铁锋区,"124.247734,47.202765",苇草叢生，湖泡星罗棋布，水鸟类栖息天堂,False,黑龙江省齐齐哈尔市铁锋区扎龙乡
黑龙江,波塞冬旅游度假区,4 A,0,,46,黑龙江·哈尔滨·松北区,"126.691374,45.88911",以古希腊神话为主题的旅游度假区,False,黑龙江省哈尔滨市松北区汇江路1号
黑龙江,海林横道东北虎林园,4 A,3.5,,44,黑龙江·牡丹江·海林市,"129.117618,44.800463",10元的交通，和东北虎们来此亲密接触,False,黑龙江省牡丹江海林市横道河子镇
黑龙江,林甸北国温泉,4 A,0,,16,黑龙江·大庆·林甸县,"124.871099,47.181632",寒地温泉文化为主题，水上娱乐、休闲健身,False,黑龙江省大庆市林甸县林甸镇庆丰街南三段西侧
黑龙江,长寿国家森林公园,3A,3.5,,12,黑龙江·哈尔滨·宾县,"127.229369,45.635531",森林茂密，群峰起伏，景色优美，引人入胜,False,哈尔滨市宾县宾西经济开发区长寿山
黑龙江,镜泊湖风景区,5 A,4.5,,10,黑龙江·牡丹江·宁安市,"128.973946,44.049877",湖光山色，原始森林，熔岩隧道的绝妙景观,False,黑龙江省牡丹江市宁安市火山口旅游公路
黑龙江,金龙山（横头山）国家森林公园,3A,3.5,,6,黑龙江·哈尔滨·阿城区,"127.525294,45.52318",红叶谷、彩蝶谷、野鹿谷、石柱峰、林海雪乡,False,黑龙江省哈尔滨市阿城区金龙山镇
黑龙江,威虎山城,3A,3.5,,4,黑龙江·牡丹江·海林市,"129.110942,44.862323",再现了英雄剿匪的光辉业绩,False,黑龙江省牡丹江海林市威虎山风景区301国道210公里处
黑龙江,太阳岛,5 A,4.6,,2,黑龙江·哈尔滨·松北区,"126.604175,45.797805",位于城市中心的江漫滩湿地草原型风景名胜区,False,黑龙江省哈尔滨市松北区太阳岛风景区
黑龙江,哈尔滨文化公园（哈尔滨游乐园）,4 A,3.8,,2,黑龙江·哈尔滨·南岗区,"126.675443,45.785867",哈尔滨文化公园座落在南岗区东大直街 1 号，始建于 1958 年，曾用名“哈尔滨市游乐园”，占地面积 22.8 公顷，是,False,黑龙江省哈尔滨市南岗区东大直街1号（近哈尔滨工程大学）
黑龙江,伏尔加庄园,4 A,0,,64,黑龙江·哈尔滨·香坊区,"126.906666,45.676867",感受俄式建筑独特风情,False,黑龙江省哈尔滨市香坊区哈成路16公里处
黑龙江,北极村,4 A,5,,88,黑龙江·大兴安岭·漠河县,"122.344341,53.491943",奇幻北极光，就可以在这里看到,False,黑龙江省大兴安岭地区漠河县西林吉镇十三区北极村
黑龙江,悬羊峰国家地质公园,4 A,0,,67,黑龙江·伊春·铁力市,"128.502737,46.820018",石奇，松秀，大气磅礴的“北国小黄山”,False,黑龙江省伊春铁力市小兴安岭西坡南麓桃山林业局施业区内
